电子产品名,价格（元）,销量（件）,时间,分类,品牌,原价（元）,折扣率（%）,评价数量,好评率（%）,发货地,保修期（月）
OPPO 投影仪 X4,8541,3469,2024/10/10,投影仪,OPPO,12533.52,31.85,112,97.64,杭州,18
海尔 电视 X5,2922,8788,2024/9/15,电视,海尔,3258.31,10.32,715,96.35,广州,6
联想 电视 X4,9922,2043,2024/2/22,电视,联想,12378.72,19.85,724,80.57,武汉,18
戴尔 智能家居 X5,283,1878,2024/7/13,智能家居,戴尔,321.61,12.01,169,98.74,武汉,24
小米 电视 X5,10735,7983,2024/12/12,电视,小米,15401.01,30.3,764,84.89,广州,24
小米 智能穿戴 X2,777,1733,2024/5/24,智能穿戴,小米,927.32,16.21,865,90.46,深圳,18
联想 耳机 X5,445,1406,2024/3/1,耳机,联想,529.92,16.03,234,80.47,成都,12
三星 投影仪 X6,7800,4394,2024/9/24,投影仪,三星,9478.79,17.71,995,84.51,杭州,12
华为 电视 X8,8747,7262,2024/9/21,电视,华为,9834.68,11.06,603,89.56,上海,24
戴尔 投影仪 X8,6607,2227,2024/9/18,投影仪,戴尔,9339.7,29.26,891,90.54,北京,24
苹果 电视 X9,7315,4996,2024/2/16,电视,苹果,10395.38,29.63,434,91.81,北京,18
苹果 投影仪 X4,7843,1714,2024/9/9,投影仪,苹果,7870.66,0.35,338,86.96,武汉,6
索尼 平板电脑 X9,4357,5416,2024/2/13,平板电脑,索尼,5424,19.67,845,94.55,上海,6
飞利浦 电视 X2,10592,2747,2024/5/10,电视,飞利浦,14334.73,26.11,44,90.16,深圳,18
三星 耳机 X10,580,1596,2024/12/20,耳机,三星,646.37,10.27,752,80.33,广州,24
苹果 智能家居 X4,4718,941,2025/2/8,智能家居,苹果,6862.71,31.25,914,96.5,武汉,18
苹果 平板电脑 X3,1810,3301,2024/8/7,平板电脑,苹果,2213.1,18.21,223,89.89,北京,12
海尔 投影仪 X6,3656,4039,2024/5/24,投影仪,海尔,4530.57,19.3,786,87.42,北京,18
苹果 智能家居 X9,2619,1513,2025/1/4,智能家居,苹果,2625,0.23,382,96.72,成都,6
海尔 投影仪 X3,2092,3138,2024/6/23,投影仪,海尔,2245.08,6.82,956,84.57,上海,24
联想 电视 X4,2424,1681,2024/6/17,电视,联想,3291.76,26.36,182,82.81,北京,6
小米 智能穿戴 X2,473,4377,2024/9/7,智能穿戴,小米,490.08,3.48,214,97.87,广州,18
小米 电视 X8,4548,999,2024/7/24,电视,小米,6672.89,31.84,706,87.6,广州,24
OPPO 智能手机 X2,9949,8655,2024/6/4,智能手机,OPPO,11183.51,11.04,354,86.71,上海,24
苹果 电视 X2,7376,1791,2024/12/14,电视,苹果,10215.58,27.8,628,86.45,成都,12
三星 耳机 X8,777,776,2024/12/25,耳机,三星,866.22,10.3,511,87.25,杭州,12
联想 投影仪 X2,4451,803,2024/7/5,投影仪,联想,5830.75,23.66,963,90.21,深圳,6
联想 笔记本电脑 X6,11152,9832,2024/3/6,笔记本电脑,联想,14218.53,21.57,272,92.51,成都,6
索尼 智能家居 X6,4558,1299,2024/6/19,智能家居,索尼,6486.15,29.73,71,89.84,北京,12
小米 智能手机 X9,7738,21379,2024/5/15,智能手机,小米,9306.36,16.85,185,85.51,深圳,12
海尔 平板电脑 X5,2670,1790,2025/1/9,平板电脑,海尔,3168.59,15.74,121,86.53,武汉,18
小米 耳机 X8,140,1408,2024/6/20,耳机,小米,169.37,17.34,209,91.9,北京,18
飞利浦 智能家居 X10,1751,2460,2024/3/27,智能家居,飞利浦,2014.04,13.06,568,86.14,武汉,6
联想 智能家居 X4,1401,1941,2024/9/20,智能家居,联想,1581.23,11.4,238,90.81,武汉,24
飞利浦 平板电脑 X10,2515,7156,2024/4/1,平板电脑,飞利浦,2579.9,2.52,665,84.56,北京,24
飞利浦 智能家居 X7,4269,2697,2024/5/25,智能家居,飞利浦,6346.4,32.73,952,84.72,北京,12
华为 电视 X4,10742,1716,2024/10/8,电视,华为,10932.38,1.74,635,82.31,上海,6
索尼 投影仪 X10,677,282,2024/9/30,投影仪,索尼,966.06,29.92,657,85.56,武汉,18
索尼 耳机 X10,999,970,2024/12/17,耳机,索尼,1118.79,10.71,330,82.97,成都,24
联想 智能穿戴 X8,198,2155,2024/12/21,智能穿戴,联想,234.44,15.54,57,97.66,上海,18
小米 智能穿戴 X8,365,1904,2024/12/2,智能穿戴,小米,365.51,0.14,490,91.17,深圳,6
联想 投影仪 X7,701,1863,2024/5/30,投影仪,联想,781.69,10.32,573,90.21,成都,6
索尼 笔记本电脑 X6,19739,9343,2024/5/19,笔记本电脑,索尼,26443.41,25.35,753,84.71,武汉,24
索尼 智能家居 X7,4816,1990,2024/5/25,智能家居,索尼,5434.87,11.39,44,93.55,深圳,24
小米 平板电脑 X9,3599,4528,2024/10/6,平板电脑,小米,4106.13,12.35,640,98.51,上海,18
小米 智能穿戴 X5,829,2984,2024/3/31,智能穿戴,小米,1198.21,30.81,210,89.96,上海,6
苹果 智能穿戴 X10,209,4326,2024/11/10,智能穿戴,苹果,211.85,1.34,73,80.17,深圳,24
戴尔 智能手机 X3,2240,41092,2024/11/10,智能手机,戴尔,3314.82,32.42,642,97.04,杭州,6
索尼 投影仪 X7,2431,559,2024/11/12,投影仪,索尼,2712.68,10.38,137,82.35,广州,24
海尔 投影仪 X9,1826,4430,2024/4/21,投影仪,海尔,2686.74,32.04,406,98.14,广州,24
OPPO 投影仪 X8,5492,2195,2024/5/27,投影仪,OPPO,7830.12,29.86,544,90.79,成都,12
OPPO 智能手机 X9,7435,38353,2024/3/28,智能手机,OPPO,10757.47,30.89,872,97.71,上海,18
飞利浦 智能手机 X8,3646,30312,2024/11/25,智能手机,飞利浦,4444.59,17.97,941,81.54,上海,6
华为 电视 X10,6484,6992,2024/11/30,电视,华为,6491.42,0.11,428,90.21,杭州,12
海尔 平板电脑 X3,1825,9546,2024/5/5,平板电脑,海尔,1883.17,3.09,911,81.31,深圳,12
飞利浦 智能家居 X6,4504,2116,2025/1/26,智能家居,飞利浦,6385.16,29.46,930,83.05,北京,12
联想 智能手机 X2,9740,8186,2024/11/19,智能手机,联想,11362.53,14.28,553,88.15,广州,18
小米 笔记本电脑 X7,19982,17587,2024/6/17,笔记本电脑,小米,24642.54,18.91,907,81.52,深圳,12
联想 平板电脑 X4,3469,3566,2025/2/1,平板电脑,联想,4715.87,26.44,819,96.84,成都,18
三星 笔记本电脑 X9,7981,931,2024/2/22,笔记本电脑,三星,9202.9,13.28,111,82.59,上海,18
苹果 笔记本电脑 X9,11428,15678,2025/2/2,笔记本电脑,苹果,13659.68,16.34,508,89.35,武汉,6
OPPO 智能手机 X8,7502,19095,2024/6/8,智能手机,OPPO,8474.19,11.47,805,92.48,广州,24
三星 平板电脑 X6,4634,6587,2024/2/18,平板电脑,三星,5108.86,9.29,137,98.47,广州,24
小米 智能手机 X10,8416,41774,2024/5/22,智能手机,小米,9398.05,10.45,382,95.03,上海,24
小米 投影仪 X10,7312,1545,2024/4/22,投影仪,小米,7663.69,4.59,603,89.32,成都,6
联想 平板电脑 X2,5142,6074,2024/12/17,平板电脑,联想,5845.98,12.04,508,96.71,深圳,12
飞利浦 平板电脑 X5,3654,7671,2024/12/6,平板电脑,飞利浦,4138.79,11.71,290,85.56,上海,12
苹果 耳机 X5,834,1548,2024/7/26,耳机,苹果,902.91,7.63,206,88.69,北京,12
联想 智能家居 X5,630,327,2024/3/5,智能家居,联想,844.09,25.36,963,94.2,北京,12
小米 智能穿戴 X4,990,2062,2024/12/13,智能穿戴,小米,1264.14,21.69,334,82.25,成都,6
苹果 投影仪 X3,9345,1258,2024/5/3,投影仪,苹果,11865.44,21.24,936,81.98,成都,12
索尼 耳机 X10,858,2593,2024/5/15,耳机,索尼,1035.72,17.16,935,81.93,成都,12
飞利浦 电视 X8,7554,8683,2024/5/17,电视,飞利浦,8039.17,6.04,284,94.57,成都,12
联想 智能手机 X1,4612,7441,2024/3/21,智能手机,联想,5167.08,10.74,848,85.64,成都,18
小米 智能家居 X2,4312,1222,2025/1/17,智能家居,小米,4450.72,3.12,569,83.76,北京,24
飞利浦 电视 X10,10644,8838,2025/1/22,电视,飞利浦,11516.07,7.57,818,85.64,广州,6
华为 电视 X6,10798,5497,2024/3/7,电视,华为,12417.06,13.04,1000,92.75,成都,24
联想 笔记本电脑 X8,12395,13257,2024/6/2,笔记本电脑,联想,16906.93,26.69,746,89.17,北京,24
苹果 智能穿戴 X2,382,1507,2024/6/3,智能穿戴,苹果,461.84,17.29,344,85.78,武汉,6
小米 笔记本电脑 X9,13353,5397,2024/10/31,笔记本电脑,小米,15237.31,12.37,367,88.27,深圳,12
OPPO 笔记本电脑 X10,10942,17621,2024/11/29,笔记本电脑,OPPO,15351.8,28.72,627,83.9,上海,18
海尔 笔记本电脑 X5,17663,6336,2024/8/31,笔记本电脑,海尔,23898.93,26.09,178,94.05,上海,24
小米 智能家居 X4,1555,802,2024/3/6,智能家居,小米,1633.43,4.8,509,98.82,武汉,6
海尔 笔记本电脑 X9,11591,10539,2024/6/24,笔记本电脑,海尔,16938.1,31.57,429,94.98,深圳,6
海尔 耳机 X7,919,755,2025/1/8,耳机,海尔,924.01,0.54,422,97.02,广州,12
小米 投影仪 X6,2321,4750,2024/2/16,投影仪,小米,3230.57,28.16,987,97.79,成都,6
苹果 投影仪 X4,4050,4461,2024/9/3,投影仪,苹果,4203.57,3.65,704,90.25,成都,6
华为 电视 X6,11851,5179,2024/10/5,电视,华为,17084.16,30.63,954,92.22,成都,24
OPPO 平板电脑 X7,5839,9937,2024/4/22,平板电脑,OPPO,7556.68,22.73,237,83.79,广州,12
联想 智能穿戴 X7,988,604,2025/1/26,智能穿戴,联想,1335.88,26.04,541,85.25,成都,24
华为 智能手机 X1,2633,40823,2024/3/23,智能手机,华为,2985.16,11.8,423,87.66,上海,12
华为 智能手机 X8,8880,24550,2024/7/18,智能手机,华为,12222.49,27.35,196,83.09,广州,6
小米 智能家居 X4,564,2267,2024/8/8,智能家居,小米,792.18,28.8,201,81.27,成都,18
小米 投影仪 X10,5088,505,2024/3/25,投影仪,小米,6080.9,16.33,220,84.73,武汉,18
联想 笔记本电脑 X8,4496,7607,2024/12/1,笔记本电脑,联想,4851.92,7.34,504,81.23,广州,6
OPPO 投影仪 X10,2542,4331,2024/9/18,投影仪,OPPO,3787.39,32.88,780,87.97,深圳,6
联想 投影仪 X7,5485,2476,2025/1/11,投影仪,联想,7879.27,30.39,339,88.37,武汉,6
小米 投影仪 X2,7484,2064,2024/5/23,投影仪,小米,11060,32.33,695,87.24,北京,24
苹果 耳机 X4,962,499,2024/12/11,耳机,苹果,1130.08,14.87,465,98.99,北京,18
戴尔 笔记本电脑 X2,13941,11122,2024/4/3,笔记本电脑,戴尔,15539.49,10.29,533,83.93,武汉,6
三星 平板电脑 X10,2455,2645,2024/10/21,平板电脑,三星,2668.42,8,546,81.59,上海,18
OPPO 智能穿戴 X10,408,2302,2024/5/28,智能穿戴,OPPO,485.05,15.88,613,93.41,杭州,12
索尼 笔记本电脑 X9,12492,4751,2025/1/23,笔记本电脑,索尼,18241.93,31.52,632,96.28,北京,18
三星 智能穿戴 X10,426,3813,2024/12/14,智能穿戴,三星,494.09,13.78,343,91.21,杭州,24
华为 投影仪 X9,3642,3403,2024/7/20,投影仪,华为,5188.16,29.8,380,89.26,上海,6
索尼 平板电脑 X4,5247,5229,2024/7/10,平板电脑,索尼,6751.32,22.28,96,97.4,北京,18
华为 智能家居 X1,3090,205,2024/2/28,智能家居,华为,3138.25,1.54,116,85.42,深圳,6
OPPO 笔记本电脑 X3,5013,10138,2024/7/17,笔记本电脑,OPPO,5920.38,15.33,344,86.65,杭州,12
苹果 笔记本电脑 X7,11204,4982,2024/12/22,笔记本电脑,苹果,13788.13,18.74,856,89.98,上海,12
索尼 平板电脑 X10,6262,895,2024/3/29,平板电脑,索尼,6779.4,7.63,204,93.95,杭州,6
海尔 智能家居 X4,4816,1567,2024/7/29,智能家居,海尔,6881.01,30.01,527,93.3,成都,12
戴尔 耳机 X9,983,766,2024/3/14,耳机,戴尔,1060.69,7.32,492,92.29,成都,6
小米 笔记本电脑 X5,14464,8137,2024/7/28,笔记本电脑,小米,20683.04,30.07,283,88.29,上海,6
华为 智能手机 X1,1371,5692,2024/10/12,智能手机,华为,1573.98,12.9,789,97.26,杭州,6
小米 笔记本电脑 X7,5015,14182,2024/2/20,笔记本电脑,小米,6951.78,27.86,350,88.94,深圳,24
华为 智能穿戴 X4,632,2130,2024/6/11,智能穿戴,华为,867.58,27.15,326,86.97,上海,6
戴尔 智能家居 X4,3758,351,2024/7/16,智能家居,戴尔,5632.39,33.28,423,82.88,北京,6
海尔 平板电脑 X2,6192,1653,2024/7/23,平板电脑,海尔,7810.58,20.72,383,80.86,杭州,18
海尔 耳机 X1,904,773,2024/3/31,耳机,海尔,1308.45,30.91,364,94.82,广州,18
华为 耳机 X7,323,1765,2024/11/4,耳机,华为,412.25,21.65,931,82.72,北京,12
小米 智能手机 X3,9545,6524,2024/8/12,智能手机,小米,12521.49,23.77,157,90.6,北京,6
OPPO 电视 X9,12354,8256,2024/4/18,电视,OPPO,16938.12,27.06,709,92.16,杭州,12
OPPO 智能穿戴 X1,936,1196,2024/9/24,智能穿戴,OPPO,1004.33,6.8,773,87.77,北京,12
OPPO 耳机 X1,431,1248,2024/12/21,耳机,OPPO,538.09,19.9,763,91.09,杭州,6
OPPO 耳机 X10,820,885,2024/2/26,耳机,OPPO,1018.76,19.51,313,89.54,深圳,24
三星 平板电脑 X1,6158,8969,2024/12/31,平板电脑,三星,9112.36,32.42,491,83.06,广州,12
联想 智能手机 X9,8821,19352,2024/8/12,智能手机,联想,9787.07,9.87,896,96.12,广州,12
华为 智能家居 X7,1325,2460,2024/9/9,智能家居,华为,1621.79,18.3,416,86.62,武汉,12
小米 智能手机 X8,1369,36992,2024/11/21,智能手机,小米,1976.64,30.74,323,83.75,广州,18
三星 智能手机 X2,9730,1170,2024/6/28,智能手机,三星,10931.83,10.99,321,93.61,深圳,12
三星 笔记本电脑 X8,7976,16237,2024/4/11,笔记本电脑,三星,9966.54,19.97,513,97.42,广州,18
三星 耳机 X1,345,554,2024/10/27,耳机,三星,477.68,27.78,680,97.48,深圳,18
小米 耳机 X6,510,556,2024/12/6,耳机,小米,729.64,30.1,426,87.92,广州,6
苹果 智能家居 X9,4367,275,2025/1/19,智能家居,苹果,5663.8,22.9,494,87.57,上海,18
三星 电视 X10,9833,2521,2024/7/22,电视,三星,13489.46,27.11,518,98,杭州,18
苹果 智能穿戴 X8,778,2738,2024/6/28,智能穿戴,苹果,1159.04,32.88,918,82.08,广州,12
海尔 智能家居 X1,1033,247,2024/10/28,智能家居,海尔,1211.63,14.74,383,81.01,深圳,18
索尼 投影仪 X6,6089,1162,2025/1/7,投影仪,索尼,8239.07,26.1,961,88.23,上海,12
小米 投影仪 X9,8625,2744,2024/12/18,投影仪,小米,12888.41,33.08,153,91.29,广州,24
联想 平板电脑 X4,1354,5749,2024/3/22,平板电脑,联想,1593.24,15.02,46,98.42,武汉,6
戴尔 耳机 X4,959,2514,2024/8/20,耳机,戴尔,1356.37,29.3,903,81.64,北京,24
华为 耳机 X10,939,2467,2024/6/28,耳机,华为,1358.14,30.86,145,91.94,北京,12
联想 耳机 X6,983,832,2024/11/25,耳机,联想,1148.39,14.4,711,82.3,上海,6
索尼 耳机 X6,444,2755,2024/4/9,耳机,索尼,536.02,17.17,755,94.68,深圳,12
小米 耳机 X6,131,1391,2024/5/19,耳机,小米,149.69,12.48,764,94.86,杭州,12
小米 平板电脑 X1,673,7141,2024/11/28,平板电脑,小米,755.26,10.89,34,91.28,成都,18
小米 智能家居 X9,4619,527,2024/8/11,智能家居,小米,5369.64,13.98,609,95.7,深圳,12
华为 投影仪 X1,6399,1212,2024/8/13,投影仪,华为,7982.53,19.84,332,93.08,成都,18
OPPO 智能手机 X1,4549,24846,2024/12/9,智能手机,OPPO,6807.92,33.18,614,95.17,上海,24
联想 笔记本电脑 X2,9176,5865,2024/12/31,笔记本电脑,联想,10788.74,14.95,552,80.38,成都,18
戴尔 智能穿戴 X5,208,4880,2024/4/2,智能穿戴,戴尔,208.68,0.33,124,90.39,上海,6
海尔 智能家居 X4,177,365,2024/6/16,智能家居,海尔,187.24,5.47,699,93.78,深圳,12
海尔 平板电脑 X2,6700,3854,2024/11/17,平板电脑,海尔,9899.65,32.32,604,98.18,北京,18
索尼 电视 X3,7787,5772,2024/9/30,电视,索尼,10336.84,24.67,53,88.78,深圳,24
戴尔 智能穿戴 X7,191,2282,2024/9/13,智能穿戴,戴尔,265.74,28.12,688,97.95,武汉,12
OPPO 智能手机 X10,7203,45529,2024/7/3,智能手机,OPPO,10072.06,28.49,598,83.41,武汉,12
联想 平板电脑 X8,6525,3453,2024/9/26,平板电脑,联想,9432.99,30.83,879,95.67,深圳,24
苹果 笔记本电脑 X6,10868,12492,2024/5/8,笔记本电脑,苹果,10899.16,0.29,577,88.66,杭州,18
华为 投影仪 X5,9138,3886,2024/7/28,投影仪,华为,10206.64,10.47,190,84.76,武汉,18
戴尔 智能家居 X4,2860,1246,2025/1/7,智能家居,戴尔,3847.13,25.66,901,91.79,北京,12
飞利浦 平板电脑 X3,6845,479,2024/12/3,平板电脑,飞利浦,7512.79,8.89,414,82.03,成都,6
OPPO 笔记本电脑 X10,15156,9047,2024/10/13,笔记本电脑,OPPO,17936.69,15.5,741,88.18,成都,24
飞利浦 投影仪 X2,4246,1541,2024/12/18,投影仪,飞利浦,5614.73,24.38,576,84.01,广州,6
OPPO 电视 X10,13164,749,2024/4/5,电视,OPPO,13841.72,4.9,16,86.53,上海,18
三星 智能家居 X6,3511,2007,2024/8/28,智能家居,三星,5201.55,32.5,410,87.73,北京,24
戴尔 智能穿戴 X4,871,4104,2024/9/4,智能穿戴,戴尔,901.81,3.42,172,82.43,武汉,12
三星 耳机 X4,235,1575,2024/10/22,耳机,三星,339.32,30.74,664,82.24,广州,18
苹果 智能手机 X1,4122,5167,2024/8/19,智能手机,苹果,5404.73,23.73,419,84.49,上海,24
OPPO 电视 X3,1018,2500,2024/6/6,电视,OPPO,1144.83,11.08,367,82.27,杭州,12
海尔 智能手机 X6,4055,30888,2024/11/10,智能手机,海尔,4820.42,15.88,805,81.71,上海,24
索尼 智能手机 X5,6023,19025,2024/6/22,智能手机,索尼,6708.9,10.22,123,85.27,北京,6
小米 笔记本电脑 X8,18498,18840,2024/9/9,笔记本电脑,小米,25700.75,28.03,679,98.24,杭州,18
飞利浦 智能手机 X4,2099,36600,2024/2/26,智能手机,飞利浦,2601.22,19.31,422,85.16,上海,12
苹果 电视 X3,8011,7837,2024/3/18,电视,苹果,8639.83,7.28,560,96.53,武汉,18
索尼 笔记本电脑 X6,10006,647,2024/11/13,笔记本电脑,索尼,10258.21,2.46,585,88.15,广州,6
飞利浦 智能家居 X2,3902,1304,2024/4/28,智能家居,飞利浦,4747.03,17.8,900,80.84,杭州,6
飞利浦 笔记本电脑 X9,9114,14265,2025/1/1,笔记本电脑,飞利浦,10482.63,13.06,531,83.01,武汉,6
飞利浦 智能穿戴 X9,602,4592,2024/7/31,智能穿戴,飞利浦,827,27.21,382,97.5,杭州,18
飞利浦 智能手机 X1,1034,41246,2024/7/24,智能手机,飞利浦,1102.26,6.19,93,86.04,广州,24
华为 智能穿戴 X6,396,685,2024/3/13,智能穿戴,华为,444.18,10.85,243,90.96,深圳,6
戴尔 耳机 X9,880,139,2024/9/15,耳机,戴尔,996.89,11.73,446,83.97,深圳,12
小米 智能家居 X8,3909,267,2024/7/11,智能家居,小米,4251.96,8.07,366,88.79,上海,12
三星 平板电脑 X2,6250,8963,2024/3/9,平板电脑,三星,8633.47,27.61,821,86.14,武汉,24
OPPO 智能家居 X9,4675,2286,2025/1/1,智能家居,OPPO,6281.04,25.57,750,92.44,上海,12
联想 笔记本电脑 X5,6516,3700,2024/8/14,笔记本电脑,联想,8904.03,26.82,25,96,上海,24
联想 投影仪 X7,654,3729,2024/3/22,投影仪,联想,898.34,27.2,787,82.49,广州,18
索尼 智能手机 X8,4536,43293,2024/7/26,智能手机,索尼,4682.02,3.12,332,85.74,北京,24
OPPO 智能手机 X4,5240,14604,2024/2/12,智能手机,OPPO,7319.88,28.41,122,86.08,广州,18
戴尔 智能穿戴 X10,974,1011,2024/8/2,智能穿戴,戴尔,1359.6,28.36,712,96.8,武汉,24
联想 智能家居 X4,2065,2216,2024/11/27,智能家居,联想,2669.79,22.65,404,81.4,北京,18
飞利浦 平板电脑 X4,3145,8520,2024/3/21,平板电脑,飞利浦,3654.88,13.95,415,86.31,深圳,18
三星 投影仪 X1,9448,760,2024/7/16,投影仪,三星,11064.95,14.61,525,95.34,上海,18
苹果 投影仪 X4,4008,1590,2024/8/17,投影仪,苹果,4195.89,4.48,217,91.76,上海,12
索尼 平板电脑 X9,4923,6648,2024/11/17,平板电脑,索尼,6744.38,27.01,613,89.65,深圳,18
华为 平板电脑 X3,7433,1464,2024/4/21,平板电脑,华为,9957.6,25.35,276,80.25,深圳,12
苹果 智能穿戴 X3,282,4736,2024/4/8,智能穿戴,苹果,342.6,17.69,17,89.99,北京,18
苹果 投影仪 X2,6708,2689,2024/3/1,投影仪,苹果,9827.77,31.74,186,93.93,深圳,12
小米 耳机 X4,645,2031,2024/5/20,耳机,小米,825.22,21.84,45,91.5,成都,12
飞利浦 智能手机 X9,7128,28239,2024/10/24,智能手机,飞利浦,8616.09,17.27,776,97.72,广州,24
华为 平板电脑 X1,6515,5066,2024/7/11,平板电脑,华为,8330.31,21.79,223,98.71,成都,6
三星 智能手机 X5,9733,47801,2024/6/22,智能手机,三星,11171.37,12.88,533,84.72,成都,12
戴尔 耳机 X9,274,2491,2024/5/27,耳机,戴尔,287.22,4.6,213,85.49,广州,12
联想 笔记本电脑 X5,9240,5935,2024/5/2,笔记本电脑,联想,11731.22,21.24,66,81.78,广州,24
小米 智能手机 X7,2505,45016,2024/5/12,智能手机,小米,2543.8,1.53,793,92.48,成都,6
海尔 笔记本电脑 X9,10621,12539,2024/3/9,笔记本电脑,海尔,13034.33,18.52,687,86.21,上海,12
飞利浦 耳机 X6,896,145,2024/9/26,耳机,飞利浦,1082.87,17.26,993,85.65,上海,6
小米 电视 X9,14229,2019,2024/11/17,电视,小米,16792.83,15.27,683,93.5,杭州,18
海尔 投影仪 X10,5172,4186,2024/7/5,投影仪,海尔,7497.92,31.02,227,87.04,深圳,18
飞利浦 智能手机 X4,4649,21264,2024/6/21,智能手机,飞利浦,4806.22,3.27,433,98.26,武汉,24
戴尔 电视 X6,7634,4953,2024/4/10,电视,戴尔,10545.57,27.61,362,88.87,杭州,12
华为 耳机 X7,367,101,2024/4/8,耳机,华为,509.75,28,122,86.99,深圳,6
OPPO 投影仪 X5,6476,2396,2024/6/16,投影仪,OPPO,8345.78,22.4,953,92.3,武汉,6
飞利浦 投影仪 X6,9827,4823,2024/10/31,投影仪,飞利浦,13854.45,29.07,158,91.81,武汉,12
三星 电视 X3,13471,566,2024/7/6,电视,三星,14872.55,9.42,142,91.84,杭州,18
联想 投影仪 X2,6064,2028,2024/9/18,投影仪,联想,7371.78,17.74,128,82.13,上海,24
索尼 笔记本电脑 X8,12630,13446,2024/10/9,笔记本电脑,索尼,15163.04,16.71,166,84.01,北京,18
联想 电视 X5,1517,274,2024/7/15,电视,联想,1862.21,18.54,601,92.03,成都,24
小米 智能家居 X3,4474,1673,2024/3/25,智能家居,小米,5404.13,17.21,928,84.93,上海,12
戴尔 智能手机 X6,6003,34408,2024/3/1,智能手机,戴尔,7417.86,19.07,899,87.19,北京,12
苹果 投影仪 X1,3153,742,2024/8/9,投影仪,苹果,3982.23,20.82,329,98.56,武汉,18
华为 平板电脑 X7,3937,2180,2024/5/11,平板电脑,华为,5616.99,29.91,700,80.64,武汉,12
华为 智能家居 X7,2550,353,2024/8/6,智能家居,华为,2786.56,8.49,846,89.16,深圳,18
苹果 笔记本电脑 X10,3839,3285,2024/8/7,笔记本电脑,苹果,5751.36,33.25,182,85.05,杭州,12
苹果 耳机 X8,522,1242,2024/3/15,耳机,苹果,529.51,1.42,789,86.38,广州,18
苹果 笔记本电脑 X4,7810,8459,2025/1/14,笔记本电脑,苹果,11464.06,31.87,820,83.89,广州,18
联想 智能手机 X10,8720,20160,2024/5/26,智能手机,联想,13033.5,33.1,184,89.48,广州,24
海尔 智能家居 X8,2718,351,2024/2/13,智能家居,海尔,3819.94,28.85,991,80.09,成都,6
联想 智能手机 X9,2575,16199,2024/7/24,智能手机,联想,3167.73,18.71,945,91.63,杭州,12
索尼 投影仪 X5,2141,2307,2024/9/2,投影仪,索尼,2363.49,9.41,929,84.3,成都,12
华为 投影仪 X9,8190,4864,2024/3/17,投影仪,华为,9743.38,15.94,498,93.39,上海,24
OPPO 智能穿戴 X4,428,4986,2024/8/14,智能穿戴,OPPO,533,19.7,795,93.07,深圳,6
索尼 电视 X7,8577,4608,2025/1/1,电视,索尼,9349.79,8.27,62,91.84,深圳,18
戴尔 耳机 X6,621,2107,2024/11/1,耳机,戴尔,870.61,28.67,920,96.03,广州,18
海尔 耳机 X1,432,2543,2024/12/7,耳机,海尔,495.86,12.88,741,96.69,北京,12
联想 智能手机 X10,7993,30186,2024/9/16,智能手机,联想,9184.56,12.97,774,86.49,杭州,24
飞利浦 笔记本电脑 X2,4796,16709,2024/5/31,笔记本电脑,飞利浦,7140.69,32.84,954,88.56,成都,12
苹果 智能手机 X9,5229,22791,2024/12/22,智能手机,苹果,6983.6,25.12,500,93.96,成都,24
联想 电视 X1,10390,5624,2024/11/30,电视,联想,13745.05,24.41,226,86.95,成都,24
华为 智能穿戴 X3,256,3539,2025/2/6,智能穿戴,华为,276.6,7.45,637,85.17,上海,12
华为 智能家居 X5,4482,2024,2024/11/12,智能家居,华为,6281.29,28.65,693,93.89,杭州,18
三星 平板电脑 X5,5269,9172,2024/12/3,平板电脑,三星,5487.02,3.97,245,91.97,成都,24
飞利浦 投影仪 X1,964,4314,2024/11/2,投影仪,飞利浦,1369.37,29.6,764,82.19,成都,24
三星 投影仪 X10,4398,284,2024/9/9,投影仪,三星,5973.58,26.38,387,95.17,武汉,18
苹果 智能手机 X5,3803,3269,2025/1/14,智能手机,苹果,4330.31,12.18,980,91.45,深圳,12
OPPO 智能穿戴 X6,292,3962,2024/11/7,智能穿戴,OPPO,327.71,10.9,504,82.08,杭州,18
苹果 智能穿戴 X4,328,1922,2024/9/7,智能穿戴,苹果,393.18,16.58,299,95.41,成都,6
小米 投影仪 X2,4557,3666,2024/7/14,投影仪,小米,4634.3,1.67,310,90.57,成都,6
小米 电视 X2,3658,6109,2024/3/23,电视,小米,3974.14,7.95,63,97.41,杭州,24
戴尔 投影仪 X3,3736,3842,2024/3/26,投影仪,戴尔,5397.97,30.79,294,86.81,武汉,12
三星 投影仪 X7,2107,2762,2024/12/11,投影仪,三星,2383.85,11.61,666,94.81,广州,12
小米 平板电脑 X10,1949,1414,2024/8/31,平板电脑,小米,2366.05,17.63,526,97.61,成都,24
联想 耳机 X4,895,563,2024/7/10,耳机,联想,976.5,8.35,589,88.97,成都,18
OPPO 笔记本电脑 X8,15009,7019,2024/11/12,笔记本电脑,OPPO,17107.45,12.27,876,84.04,成都,18
苹果 智能穿戴 X10,664,4561,2024/2/9,智能穿戴,苹果,993.2,33.15,306,97.82,武汉,24
索尼 平板电脑 X4,3947,3264,2024/9/19,平板电脑,索尼,5370.5,26.51,317,96.34,北京,12
飞利浦 电视 X7,14438,9212,2024/10/9,电视,飞利浦,14851.5,2.78,529,89.57,上海,12
飞利浦 电视 X10,1540,3277,2024/2/10,电视,飞利浦,1743.75,11.68,466,95.27,武汉,12
索尼 笔记本电脑 X4,5335,5917,2024/8/22,笔记本电脑,索尼,6481.78,17.69,143,84.02,杭州,24
飞利浦 耳机 X6,843,1531,2024/11/5,耳机,飞利浦,860.5,2.03,815,93.93,杭州,6
小米 电视 X9,3913,9595,2024/5/11,电视,小米,5691.37,31.25,790,95.77,成都,6
三星 智能家居 X4,4265,748,2024/12/10,智能家居,三星,5514.05,22.65,138,93.84,广州,6
OPPO 耳机 X5,688,2684,2024/12/24,耳机,OPPO,834.88,17.59,247,80.23,武汉,12
联想 智能手机 X3,4861,9399,2025/1/3,智能手机,联想,7041.12,30.96,164,88.64,杭州,24
小米 平板电脑 X3,4905,6159,2024/10/16,平板电脑,小米,5201.5,5.7,323,84.25,杭州,18
索尼 平板电脑 X3,5638,3654,2025/2/3,平板电脑,索尼,7969.7,29.26,255,92.29,成都,18
三星 投影仪 X9,1160,551,2024/12/13,投影仪,三星,1573.01,26.26,496,97.77,北京,6
戴尔 笔记本电脑 X7,9091,4803,2024/4/3,笔记本电脑,戴尔,12515.48,27.36,830,93.14,上海,18
小米 平板电脑 X6,3215,5329,2024/5/14,平板电脑,小米,3815.46,15.74,874,90.09,杭州,24
索尼 笔记本电脑 X5,16546,12651,2024/9/18,笔记本电脑,索尼,23287.08,28.95,761,95.92,上海,24
海尔 智能穿戴 X6,609,1710,2024/10/27,智能穿戴,海尔,913.27,33.32,465,98.63,深圳,18
华为 平板电脑 X3,2403,813,2025/1/8,平板电脑,华为,3067.54,21.66,95,81.27,成都,12
小米 电视 X10,5690,8100,2025/1/13,电视,小米,6992.91,18.63,145,83.79,上海,12
OPPO 投影仪 X9,6889,4609,2024/12/10,投影仪,OPPO,7251.75,5,737,97.58,成都,24
苹果 耳机 X5,310,901,2025/1/19,耳机,苹果,434.86,28.71,774,83.62,杭州,12
联想 平板电脑 X8,7571,2375,2024/5/19,平板电脑,联想,9744.08,22.3,856,83.57,杭州,6
三星 耳机 X4,137,1800,2024/11/1,耳机,三星,204.15,32.89,825,95.1,杭州,6
戴尔 耳机 X6,264,2883,2024/5/1,耳机,戴尔,310.18,14.89,12,92.73,上海,24
戴尔 智能家居 X1,304,1813,2024/5/20,智能家居,戴尔,340.94,10.84,577,89.16,北京,18
海尔 电视 X1,14126,2096,2024/9/14,电视,海尔,16177.41,12.68,161,82.59,成都,24
华为 智能手机 X8,6800,48619,2024/4/25,智能手机,华为,6925.98,1.82,450,95.79,武汉,12
华为 耳机 X10,916,1901,2024/3/31,耳机,华为,1094.39,16.3,86,96.98,深圳,6
苹果 笔记本电脑 X10,5016,11191,2024/4/19,笔记本电脑,苹果,7256.01,30.87,553,98.9,成都,6
苹果 笔记本电脑 X4,15505,17273,2024/10/14,笔记本电脑,苹果,20597.12,24.72,553,94.79,广州,24
联想 耳机 X3,142,201,2024/12/31,耳机,联想,188.47,24.65,51,90.61,杭州,6
三星 电视 X4,2481,2320,2024/8/13,电视,三星,2963.05,16.27,474,85.92,武汉,18
苹果 平板电脑 X10,642,5181,2024/12/24,平板电脑,苹果,933.69,31.24,412,93.78,北京,12
华为 电视 X6,14782,2953,2024/4/3,电视,华为,20311.28,27.22,241,84.33,广州,18
三星 笔记本电脑 X5,18643,14185,2024/5/19,笔记本电脑,三星,22088.34,15.6,124,80.61,深圳,18
小米 投影仪 X5,7841,2172,2024/5/20,投影仪,小米,7997.58,1.96,302,95.96,杭州,24
海尔 智能穿戴 X1,279,1124,2024/3/17,智能穿戴,海尔,292.82,4.72,127,89.03,广州,6
华为 投影仪 X1,6869,3703,2024/9/10,投影仪,华为,7402.04,7.2,961,93.29,北京,18
索尼 智能穿戴 X8,901,4734,2024/6/9,智能穿戴,索尼,1156.91,22.12,704,90.24,上海,18
华为 电视 X3,10651,1120,2024/3/7,电视,华为,14587.21,26.98,247,89,北京,12
OPPO 耳机 X7,675,1026,2024/9/1,耳机,OPPO,955.97,29.39,965,84.81,武汉,24
OPPO 耳机 X9,719,2767,2024/8/28,耳机,OPPO,963.49,25.38,777,95.61,成都,6
华为 智能穿戴 X6,192,4218,2024/10/14,智能穿戴,华为,197.03,2.55,916,82.55,武汉,12
苹果 电视 X5,8077,6591,2024/10/27,电视,苹果,9273.12,12.9,541,91.01,广州,12
索尼 智能穿戴 X7,363,3914,2024/11/10,智能穿戴,索尼,364.62,0.44,117,80.66,深圳,18
飞利浦 电视 X7,10684,4047,2024/11/2,电视,飞利浦,13190.13,19,706,91.67,杭州,18
索尼 智能手机 X7,6611,39366,2024/7/26,智能手机,索尼,8171.38,19.1,286,88.4,深圳,24
OPPO 笔记本电脑 X1,4655,19510,2024/12/13,笔记本电脑,OPPO,6744.24,30.98,511,87.38,上海,24
戴尔 投影仪 X4,9612,2805,2024/12/18,投影仪,戴尔,10184.95,5.63,818,97.95,成都,12
联想 电视 X2,5750,7402,2024/9/17,电视,联想,7480.25,23.13,288,96.93,武汉,18
索尼 投影仪 X7,3556,4786,2024/12/31,投影仪,索尼,4730.85,24.83,530,82.73,上海,6
飞利浦 平板电脑 X6,1278,8446,2024/6/2,平板电脑,飞利浦,1737.72,26.46,32,89.08,广州,12
OPPO 平板电脑 X9,3277,4228,2024/9/15,平板电脑,OPPO,3882.26,15.59,585,95.81,上海,6
OPPO 平板电脑 X1,3654,9317,2024/12/21,平板电脑,OPPO,5320.45,31.32,10,95.08,深圳,24
戴尔 智能家居 X1,2505,98,2024/3/7,智能家居,戴尔,3373,25.73,163,85.59,深圳,18
联想 智能穿戴 X6,921,4032,2024/4/10,智能穿戴,联想,1130.25,18.51,632,90.25,成都,12
三星 耳机 X4,332,365,2024/4/25,耳机,三星,401.68,17.35,668,92.25,深圳,6
飞利浦 投影仪 X1,1450,3899,2024/11/6,投影仪,飞利浦,2032.62,28.66,319,94.47,武汉,6
联想 电视 X2,8277,3100,2025/2/5,电视,联想,12011.92,31.09,682,84.68,广州,12
索尼 智能家居 X7,3690,1780,2024/12/25,智能家居,索尼,5499.59,32.9,696,86.78,上海,6
小米 笔记本电脑 X4,10320,3372,2024/11/15,笔记本电脑,小米,12061.46,14.44,871,94.37,武汉,18
苹果 智能家居 X6,2033,357,2024/6/27,智能家居,苹果,2046.55,0.66,681,96.21,北京,12
华为 投影仪 X7,7450,1897,2024/8/19,投影仪,华为,10205.8,27,283,85,上海,6
戴尔 智能手机 X9,8593,19500,2024/8/22,智能手机,戴尔,11508.4,25.33,515,82.38,武汉,24
华为 智能家居 X10,3723,1236,2024/9/25,智能家居,华为,4351.59,14.45,724,92.79,上海,18
飞利浦 电视 X4,12002,6567,2024/10/28,电视,飞利浦,14687.48,18.28,444,92.71,上海,6
小米 平板电脑 X7,6333,9120,2024/10/20,平板电脑,小米,8593.2,26.3,833,98.48,武汉,24
飞利浦 智能家居 X5,444,185,2024/7/10,智能家居,飞利浦,573,22.51,500,93.13,成都,12
索尼 智能家居 X5,1294,2240,2024/7/11,智能家居,索尼,1866.2,30.66,800,89.57,北京,12
戴尔 电视 X9,11970,1066,2025/1/11,电视,戴尔,14956.42,19.97,112,85.43,杭州,24
三星 耳机 X3,880,264,2024/3/15,耳机,三星,909.99,3.3,681,80.77,成都,12
三星 智能手机 X2,5321,46958,2024/4/25,智能手机,三星,7273.17,26.84,854,84.06,杭州,24
索尼 投影仪 X3,9022,2446,2025/1/20,投影仪,索尼,12482.77,27.72,192,81.19,广州,6
小米 平板电脑 X1,2468,759,2024/2/27,平板电脑,小米,3537.71,30.24,692,96.54,杭州,24
索尼 智能家居 X6,2358,1430,2024/11/3,智能家居,索尼,2603.06,9.41,844,94.17,广州,12
OPPO 投影仪 X4,3839,2743,2024/9/3,投影仪,OPPO,3896.57,1.48,80,90.51,深圳,18
联想 耳机 X4,405,2671,2024/4/30,耳机,联想,569.95,28.94,875,89.05,成都,12
小米 投影仪 X3,2677,460,2024/5/8,投影仪,小米,3137.07,14.67,431,88.37,上海,12
戴尔 智能家居 X1,4972,2980,2024/7/10,智能家居,戴尔,5343.18,6.95,236,85.4,北京,18
飞利浦 电视 X7,12579,1498,2025/1/22,电视,飞利浦,17612.23,28.58,854,89.35,深圳,18
三星 电视 X9,4819,7636,2024/8/27,电视,三星,5151.13,6.45,117,80.47,杭州,18
华为 智能家居 X7,2792,567,2024/2/25,智能家居,华为,2824.92,1.17,103,95.46,北京,18
飞利浦 耳机 X3,768,2621,2024/8/29,耳机,飞利浦,857.15,10.4,469,95.66,杭州,24
联想 智能手机 X2,7019,14691,2024/8/7,智能手机,联想,9517.63,26.25,568,80.33,武汉,24
联想 智能家居 X5,211,2633,2024/6/9,智能家居,联想,271.96,22.42,37,85.76,深圳,12
三星 平板电脑 X3,4068,3749,2024/5/12,平板电脑,三星,4954.14,17.89,235,81.04,成都,24
戴尔 投影仪 X2,6902,407,2024/5/20,投影仪,戴尔,8035.2,14.1,24,92.09,武汉,24
三星 耳机 X3,606,2243,2024/3/27,耳机,三星,853.5,29,200,97.56,上海,18
戴尔 耳机 X2,987,590,2024/10/25,耳机,戴尔,1349.15,26.84,791,83.53,深圳,12
OPPO 智能家居 X4,1462,1953,2024/4/21,智能家居,OPPO,2014.19,27.41,983,82.13,北京,24
索尼 智能手机 X9,2121,25561,2024/12/25,智能手机,索尼,2321.44,8.63,500,92.26,杭州,18
小米 电视 X5,13134,548,2024/10/19,电视,小米,15923.26,17.52,63,98.39,杭州,12
苹果 电视 X3,7331,564,2024/6/6,电视,苹果,10718.88,31.61,143,81.3,北京,12
飞利浦 笔记本电脑 X9,18978,2691,2024/12/25,笔记本电脑,飞利浦,25468.05,25.48,905,87.93,深圳,24
苹果 电视 X9,8317,8423,2024/12/30,电视,苹果,11946.86,30.38,496,92.38,北京,12
戴尔 耳机 X3,336,288,2024/5/15,耳机,戴尔,382.1,12.06,268,97.93,深圳,6
索尼 平板电脑 X8,1358,5490,2024/10/29,平板电脑,索尼,1985.22,31.59,383,84.75,杭州,12
飞利浦 智能手机 X1,3289,29185,2025/1/8,智能手机,飞利浦,3748.57,12.26,259,88.66,杭州,6
苹果 平板电脑 X7,3630,1145,2024/3/18,平板电脑,苹果,4881.33,25.64,881,82.66,广州,6
索尼 智能手机 X7,2143,42393,2024/3/25,智能手机,索尼,3012.38,28.86,619,96.96,武汉,6
小米 智能穿戴 X9,775,3079,2024/10/8,智能穿戴,小米,1021.2,24.11,99,86.28,深圳,24
索尼 电视 X1,9090,7366,2024/10/5,电视,索尼,9349.27,2.77,99,83.91,成都,6
苹果 智能穿戴 X1,314,3330,2024/9/20,智能穿戴,苹果,410.98,23.6,860,94.72,武汉,12
索尼 智能家居 X4,3494,714,2024/6/13,智能家居,索尼,3916.02,10.78,492,98.53,广州,24
小米 智能家居 X6,1127,2334,2024/3/23,智能家居,小米,1298.07,13.18,82,95.41,深圳,18
OPPO 智能家居 X7,966,906,2024/3/10,智能家居,OPPO,984.25,1.85,453,96.19,武汉,18
飞利浦 智能家居 X6,3065,306,2024/12/2,智能家居,飞利浦,3105.83,1.31,49,97.34,成都,12
小米 投影仪 X4,3128,4805,2024/8/20,投影仪,小米,3948.69,20.78,490,89.28,广州,18
华为 投影仪 X7,5553,4926,2024/8/14,投影仪,华为,6210.11,10.58,722,84.43,成都,6
联想 耳机 X2,740,2478,2024/7/9,耳机,联想,1044.47,29.15,954,95.77,深圳,18
戴尔 平板电脑 X9,1996,6373,2024/11/29,平板电脑,戴尔,2885.5,30.83,250,98.81,武汉,24
飞利浦 投影仪 X5,3193,3567,2024/4/14,投影仪,飞利浦,3289.16,2.92,601,92.94,上海,6
小米 智能手机 X3,3811,8470,2024/6/16,智能手机,小米,5042.98,24.43,65,82.02,武汉,24
海尔 智能穿戴 X9,123,4731,2024/8/3,智能穿戴,海尔,181.69,32.3,413,89.79,成都,6
三星 投影仪 X9,8762,2704,2024/3/29,投影仪,三星,9482.93,7.6,693,83.83,广州,18
苹果 平板电脑 X2,5302,9038,2025/1/30,平板电脑,苹果,5513.57,3.84,219,98.76,成都,6
戴尔 智能手机 X10,5795,23648,2024/2/11,智能手机,戴尔,6336.59,8.55,714,98.42,武汉,18
小米 笔记本电脑 X5,18375,4431,2024/7/20,笔记本电脑,小米,25081.78,26.74,915,96.17,成都,6
三星 平板电脑 X10,3674,4934,2024/10/14,平板电脑,三星,4739.62,22.48,571,94.55,武汉,12
苹果 智能家居 X2,2934,1996,2024/4/13,智能家居,苹果,3665.47,19.96,543,82.84,北京,6
三星 笔记本电脑 X4,16819,11952,2024/11/15,笔记本电脑,三星,22303.85,24.59,729,89.6,上海,12
小米 笔记本电脑 X6,11676,19727,2024/2/21,笔记本电脑,小米,11869.28,1.63,517,96.58,北京,24
海尔 平板电脑 X4,7129,1800,2024/12/17,平板电脑,海尔,8612.47,17.22,992,83.45,广州,12
OPPO 智能家居 X2,1789,259,2024/10/18,智能家居,OPPO,2156.06,17.02,379,94.6,深圳,12
三星 智能手机 X6,6132,1816,2024/8/31,智能手机,三星,8142.8,24.69,495,81.88,上海,24
海尔 电视 X5,6154,6491,2024/10/22,电视,海尔,8308.54,25.93,411,98.13,武汉,12
海尔 投影仪 X7,4899,3001,2024/11/18,投影仪,海尔,5068.97,3.35,25,93.07,杭州,18
飞利浦 电视 X2,6438,272,2024/7/5,电视,飞利浦,6477.38,0.61,334,89.48,北京,12
三星 智能穿戴 X1,940,1151,2024/6/26,智能穿戴,三星,1005.44,6.51,928,92.8,广州,24
联想 笔记本电脑 X10,10092,17234,2025/1/1,笔记本电脑,联想,14603.51,30.89,366,92.27,广州,24
三星 投影仪 X4,6573,3502,2024/11/29,投影仪,三星,7640.51,13.97,394,96.71,上海,12
海尔 智能手机 X5,2242,15696,2024/5/5,智能手机,海尔,3300.12,32.06,185,80.11,成都,18
三星 智能手机 X10,1842,30914,2024/7/4,智能手机,三星,2681.75,31.31,916,86.02,广州,18
三星 智能家居 X9,1672,228,2024/3/19,智能家居,三星,1703.57,1.85,990,92.57,杭州,12
飞利浦 智能穿戴 X5,250,271,2024/8/17,智能穿戴,飞利浦,294.37,15.07,467,83.59,成都,6
OPPO 智能家居 X1,3840,260,2024/4/6,智能家居,OPPO,5549.52,30.8,234,82.75,成都,18
飞利浦 笔记本电脑 X3,8174,6311,2025/1/20,笔记本电脑,飞利浦,11899.57,31.31,102,91.45,成都,6
戴尔 平板电脑 X10,1208,4656,2024/7/29,平板电脑,戴尔,1728.4,30.11,170,90.13,深圳,12
海尔 智能穿戴 X6,278,217,2024/2/17,智能穿戴,海尔,278.13,0.05,69,84.44,上海,24
苹果 投影仪 X3,9725,3341,2024/4/7,投影仪,苹果,12944.08,24.87,495,82.13,武汉,24
戴尔 智能手机 X7,5595,36358,2024/9/15,智能手机,戴尔,6022.28,7.09,332,97.32,深圳,12
索尼 电视 X9,3079,4475,2024/11/25,电视,索尼,3544.53,13.13,712,84.76,上海,18
小米 电视 X10,10984,5787,2024/4/30,电视,小米,16020.64,31.44,339,82.85,成都,24
海尔 耳机 X1,381,1831,2025/1/26,耳机,海尔,424.87,10.32,398,84.27,上海,24
华为 智能手机 X5,6835,26478,2024/7/8,智能手机,华为,8933.15,23.49,115,87.44,深圳,18
索尼 笔记本电脑 X7,10858,18750,2024/3/3,笔记本电脑,索尼,14313.9,24.14,236,82.67,上海,24
OPPO 投影仪 X4,9176,2958,2024/5/18,投影仪,OPPO,12527.57,26.75,837,93.78,广州,18
联想 智能穿戴 X5,828,770,2025/2/1,智能穿戴,联想,1073.05,22.84,396,83.26,北京,18
飞利浦 耳机 X6,765,869,2024/3/26,耳机,飞利浦,927.4,17.51,686,91.76,北京,24
华为 电视 X3,5204,5901,2024/4/30,电视,华为,6499.55,19.93,630,98.27,上海,12
小米 耳机 X1,429,1562,2024/11/19,耳机,小米,594.88,27.88,574,93.35,上海,12
小米 笔记本电脑 X8,11414,1430,2024/11/5,笔记本电脑,小米,15362.16,25.7,109,97.7,广州,6
苹果 平板电脑 X10,7323,5917,2024/11/26,平板电脑,苹果,8330,12.09,152,91.04,成都,12
索尼 笔记本电脑 X9,11234,18280,2024/5/17,笔记本电脑,索尼,16013.44,29.85,17,87.25,深圳,18
海尔 平板电脑 X1,1177,7497,2024/10/18,平板电脑,海尔,1427.42,17.54,379,80.77,杭州,18
OPPO 电视 X9,9677,3082,2024/8/31,电视,OPPO,10973.49,11.81,182,98.21,上海,12
苹果 电视 X3,11419,1040,2024/4/4,电视,苹果,14170.03,19.41,262,91.05,广州,18
索尼 智能穿戴 X1,289,1362,2024/12/14,智能穿戴,索尼,417.74,30.82,578,83.8,上海,12
飞利浦 智能手机 X7,5490,16006,2024/12/7,智能手机,飞利浦,7618.02,27.93,415,82.39,深圳,6
苹果 投影仪 X7,3400,288,2024/7/10,投影仪,苹果,3735.9,8.99,80,90.39,武汉,6
苹果 智能家居 X8,2592,1452,2024/12/19,智能家居,苹果,3854.7,32.76,476,97.72,武汉,24
索尼 笔记本电脑 X5,17079,11958,2025/1/25,笔记本电脑,索尼,19579.9,12.77,356,84.99,杭州,18
飞利浦 平板电脑 X3,5735,7094,2024/2/20,平板电脑,飞利浦,7154.59,19.84,508,90.09,杭州,24
小米 投影仪 X5,1445,832,2024/10/30,投影仪,小米,2126.6,32.05,715,83.31,武汉,24
OPPO 笔记本电脑 X6,19065,10961,2024/7/21,笔记本电脑,OPPO,21854.28,12.76,657,92.16,上海,12
苹果 智能手机 X6,5454,3980,2024/11/23,智能手机,苹果,5689.26,4.14,729,84,杭州,18
飞利浦 智能穿戴 X3,607,3492,2024/8/2,智能穿戴,飞利浦,862.68,29.64,234,93.65,北京,6
小米 智能家居 X4,1685,675,2024/12/10,智能家居,小米,2329.9,27.68,233,95.29,上海,12
三星 电视 X7,4784,379,2024/3/23,电视,三星,7120.48,32.81,421,92.14,杭州,24
华为 投影仪 X10,2075,1765,2024/5/19,投影仪,华为,2809.76,26.15,44,96.59,上海,18
三星 平板电脑 X1,5585,9566,2024/7/11,平板电脑,三星,5742.05,2.74,28,80.93,深圳,6
索尼 耳机 X7,638,567,2024/8/29,耳机,索尼,857.27,25.58,347,82.5,上海,6
索尼 智能手机 X9,7450,45349,2024/4/13,智能手机,索尼,7824.7,4.79,493,87.51,深圳,18
海尔 智能家居 X2,4352,2735,2024/4/26,智能家居,海尔,5352.51,18.69,875,91.72,广州,18
索尼 平板电脑 X8,5603,1731,2024/4/5,平板电脑,索尼,8294.71,32.45,34,97.94,北京,24
联想 平板电脑 X7,5758,9232,2025/1/12,平板电脑,联想,8539.27,32.57,192,86.33,广州,12
联想 笔记本电脑 X3,6151,16018,2025/1/19,笔记本电脑,联想,8375.55,26.56,894,84.19,成都,24
OPPO 电视 X1,7287,4866,2024/12/7,电视,OPPO,8141.54,10.5,557,80.78,北京,6
苹果 投影仪 X4,648,1908,2024/10/24,投影仪,苹果,938,30.92,479,97.93,成都,6
小米 投影仪 X6,3935,2318,2024/5/9,投影仪,小米,5598.17,29.71,654,93.72,成都,6
戴尔 智能家居 X10,4644,1655,2024/6/6,智能家居,戴尔,5625.62,17.45,729,92.53,广州,24
OPPO 平板电脑 X5,2333,3337,2024/8/8,平板电脑,OPPO,2706.7,13.81,946,87.32,北京,18
小米 投影仪 X4,2048,1910,2024/4/6,投影仪,小米,2272.42,9.88,462,97.38,深圳,6
联想 耳机 X5,304,2262,2024/5/31,耳机,联想,356.48,14.72,296,92.17,广州,18
索尼 智能穿戴 X6,977,3261,2024/3/14,智能穿戴,索尼,1032.37,5.36,146,86.02,广州,12
苹果 耳机 X9,493,370,2025/1/2,耳机,苹果,661.6,25.48,125,81.09,深圳,12
三星 笔记本电脑 X5,10953,6102,2024/7/9,笔记本电脑,三星,14137.1,22.52,887,82.53,广州,24
索尼 平板电脑 X9,5826,4751,2025/1/28,平板电脑,索尼,6456.99,9.77,200,80.37,武汉,18
戴尔 笔记本电脑 X6,18184,1662,2024/2/22,笔记本电脑,戴尔,21226.74,14.33,51,95.78,杭州,24
小米 投影仪 X1,4562,4135,2024/5/20,投影仪,小米,6835.75,33.26,232,90.36,上海,18
华为 耳机 X2,103,1218,2024/5/11,耳机,华为,122.05,15.61,431,81.46,成都,24
联想 平板电脑 X3,3637,9879,2024/7/1,平板电脑,联想,3711.62,2.01,190,85.89,杭州,24
戴尔 智能家居 X3,4903,2578,2024/8/1,智能家居,戴尔,6290.39,22.06,587,95.12,广州,24
联想 平板电脑 X1,3225,1197,2025/2/6,平板电脑,联想,4740.03,31.96,742,88.44,北京,24
OPPO 投影仪 X10,3013,2711,2024/8/23,投影仪,OPPO,3059.31,1.51,530,90.56,上海,12
华为 耳机 X6,719,806,2024/3/16,耳机,华为,994.03,27.67,114,91.17,武汉,18
苹果 智能家居 X6,4805,1032,2024/11/4,智能家居,苹果,5052.47,4.9,11,85.21,成都,18
索尼 电视 X5,14616,8116,2024/2/14,电视,索尼,15291.74,4.42,601,83.95,武汉,18
三星 智能手机 X1,7052,3758,2024/11/27,智能手机,三星,9631.09,26.78,445,80.44,北京,18
苹果 耳机 X5,261,2001,2024/4/19,耳机,苹果,272.94,4.37,138,95.76,深圳,6
三星 智能家居 X10,1434,175,2024/7/5,智能家居,三星,1869.17,23.28,458,94.92,深圳,12
联想 智能家居 X3,501,2062,2024/5/11,智能家居,联想,652.93,23.27,602,88.63,杭州,6
戴尔 平板电脑 X7,3910,2476,2024/3/26,平板电脑,戴尔,5186.58,24.61,482,82.89,上海,18
联想 笔记本电脑 X10,14425,852,2024/12/27,笔记本电脑,联想,18048.16,20.07,105,93.11,成都,6
三星 电视 X4,3583,488,2024/7/28,电视,三星,3661.66,2.15,436,85.99,成都,18
苹果 智能家居 X7,2414,2093,2024/3/1,智能家居,苹果,3512.4,31.27,438,92.09,武汉,18
飞利浦 平板电脑 X1,913,1157,2024/11/19,平板电脑,飞利浦,1174.06,22.24,345,82.82,广州,24
戴尔 笔记本电脑 X8,11882,2237,2025/1/24,笔记本电脑,戴尔,16269.35,26.97,16,81.38,深圳,6
飞利浦 投影仪 X7,1459,1986,2024/6/21,投影仪,飞利浦,2039.86,28.48,766,86.04,成都,18
戴尔 耳机 X4,104,1450,2025/1/15,耳机,戴尔,118.74,12.41,545,92.2,上海,6
联想 智能穿戴 X3,341,3778,2024/9/20,智能穿戴,联想,359.85,5.24,910,87.37,成都,18
索尼 电视 X1,8148,2657,2024/8/21,电视,索尼,8416.41,3.19,195,94.42,广州,12
戴尔 耳机 X6,928,998,2024/11/29,耳机,戴尔,998.72,7.08,730,87.15,深圳,18
华为 平板电脑 X3,7466,1485,2024/10/3,平板电脑,华为,11027.25,32.29,401,80.85,北京,18
海尔 智能手机 X3,8572,14911,2024/7/28,智能手机,海尔,10690.22,19.81,905,94.22,深圳,24
索尼 智能家居 X10,4306,2081,2024/5/28,智能家居,索尼,4601.11,6.41,655,96.23,上海,6
华为 投影仪 X1,1259,3246,2024/3/29,投影仪,华为,1395.28,9.77,724,82.35,上海,6
联想 投影仪 X2,9080,192,2024/7/10,投影仪,联想,9645.64,5.86,794,83.8,上海,24
联想 智能穿戴 X5,965,1838,2024/6/18,智能穿戴,联想,1135.29,15,258,88.08,上海,18
华为 投影仪 X6,8123,707,2024/9/9,投影仪,华为,8403.24,3.33,213,91.14,北京,12
联想 耳机 X4,812,2285,2024/8/8,耳机,联想,815.74,0.46,714,85.54,武汉,18
小米 智能穿戴 X1,421,3924,2024/11/6,智能穿戴,小米,533.57,21.1,282,95.29,深圳,6
飞利浦 智能穿戴 X4,703,4445,2024/12/17,智能穿戴,飞利浦,823.46,14.63,362,97.46,杭州,6
苹果 智能穿戴 X2,243,4419,2024/9/9,智能穿戴,苹果,277.93,12.57,365,96.71,上海,24
联想 笔记本电脑 X10,12571,14870,2024/5/30,笔记本电脑,联想,15625.4,19.55,334,82.49,上海,6
海尔 电视 X5,1806,6016,2024/3/6,电视,海尔,2252.76,19.83,997,89.14,广州,6
苹果 耳机 X3,163,2772,2024/6/21,耳机,苹果,196.23,16.93,291,89.69,深圳,18
苹果 投影仪 X10,1506,1583,2024/4/7,投影仪,苹果,1654.33,8.97,341,87.88,武汉,18
索尼 智能家居 X2,1373,1457,2024/11/25,智能家居,索尼,1622.3,15.37,382,82.59,广州,24
索尼 耳机 X7,830,195,2024/9/1,耳机,索尼,1064.59,22.04,951,81.76,杭州,6
华为 智能家居 X4,4513,232,2024/6/18,智能家居,华为,4886.05,7.64,595,92.66,上海,6
戴尔 电视 X7,13734,7796,2024/9/15,电视,戴尔,14267.47,3.74,225,88.06,深圳,24
华为 投影仪 X6,7181,1835,2025/1/20,投影仪,华为,9901.51,27.48,339,93.14,上海,12
索尼 笔记本电脑 X4,15689,12479,2024/7/24,笔记本电脑,索尼,19881.71,21.09,783,92.04,深圳,6
联想 平板电脑 X1,3339,9973,2024/4/27,平板电脑,联想,4113.06,18.82,660,93.59,深圳,18
戴尔 笔记本电脑 X7,18447,4879,2024/12/16,笔记本电脑,戴尔,21347.48,13.59,227,86.55,上海,6
飞利浦 耳机 X9,996,2260,2024/3/21,耳机,飞利浦,1098.77,9.35,595,89.75,深圳,6
三星 智能穿戴 X4,578,3058,2024/5/13,智能穿戴,三星,625.99,7.67,489,97.4,上海,18
戴尔 智能家居 X6,4871,1435,2024/7/23,智能家居,戴尔,5284.62,7.83,859,80.59,成都,12
华为 智能家居 X9,232,885,2024/10/24,智能家居,华为,318.48,27.15,490,81.22,北京,18
戴尔 耳机 X10,413,1040,2024/4/3,耳机,戴尔,543.4,24,681,83.26,杭州,18
索尼 智能穿戴 X3,125,2338,2024/12/15,智能穿戴,索尼,160.37,22.05,377,94.12,杭州,6
联想 笔记本电脑 X7,7909,12533,2024/10/29,笔记本电脑,联想,9599.34,17.61,923,92.06,北京,24
小米 耳机 X7,550,1657,2024/10/16,耳机,小米,768.33,28.42,86,88.21,杭州,24
联想 笔记本电脑 X8,19852,6748,2024/6/27,笔记本电脑,联想,27877.39,28.79,56,94.53,成都,6
苹果 智能穿戴 X5,566,1990,2024/12/12,智能穿戴,苹果,754.38,24.97,279,83.87,上海,12
戴尔 智能家居 X10,4876,2379,2024/9/9,智能家居,戴尔,5409.43,9.86,391,91.49,武汉,18
小米 投影仪 X3,9652,3692,2024/11/29,投影仪,小米,10230.57,5.66,890,98.23,武汉,12
联想 平板电脑 X8,6662,1574,2024/2/9,平板电脑,联想,7384.79,9.79,130,82.46,成都,6
戴尔 投影仪 X1,4094,621,2024/12/11,投影仪,戴尔,4687.87,12.67,778,94.73,武汉,24
苹果 智能家居 X5,1835,814,2024/9/23,智能家居,苹果,2713.07,32.36,292,85.95,杭州,6
海尔 电视 X8,10600,5621,2025/1/13,电视,海尔,11914.76,11.03,661,82.5,深圳,12
苹果 投影仪 X1,1827,3253,2024/9/18,投影仪,苹果,2573.6,29.01,606,86.23,上海,18
苹果 智能手机 X9,8356,31086,2024/10/30,智能手机,苹果,11179.24,25.25,526,80.17,上海,6
小米 智能穿戴 X10,737,3247,2025/1/23,智能穿戴,小米,840.59,12.32,377,84.21,武汉,12
三星 投影仪 X7,2864,1949,2024/3/11,投影仪,三星,3198.84,10.47,715,84.86,上海,12
OPPO 耳机 X7,723,1018,2024/12/25,耳机,OPPO,936.72,22.82,175,94.34,上海,6
苹果 耳机 X3,133,937,2024/10/7,耳机,苹果,164.38,19.09,540,90.15,成都,12
小米 耳机 X2,63,2857,2025/1/12,耳机,小米,68.18,7.6,17,80.57,广州,12
联想 电视 X6,7838,4412,2024/3/11,电视,联想,11524.37,31.99,816,88.43,杭州,18
飞利浦 平板电脑 X3,7490,5234,2024/7/13,平板电脑,飞利浦,9962.79,24.82,832,97.1,广州,24
苹果 平板电脑 X10,3526,9598,2024/9/17,平板电脑,苹果,4346.56,18.88,514,91.95,上海,24
联想 投影仪 X2,781,2323,2024/9/26,投影仪,联想,939.75,16.89,761,98.83,成都,18
海尔 笔记本电脑 X9,17684,7148,2024/7/7,笔记本电脑,海尔,22661.07,21.96,490,98.68,上海,24
苹果 耳机 X5,80,2311,2024/12/10,耳机,苹果,92.63,13.64,127,90.73,北京,12
小米 智能家居 X6,1585,87,2024/7/17,智能家居,小米,2359.52,32.83,43,85.3,广州,6
华为 平板电脑 X4,2583,4223,2024/12/23,平板电脑,华为,2788.11,7.36,178,88.82,上海,18
OPPO 电视 X7,8238,5909,2024/6/28,电视,OPPO,8835.28,6.76,826,91.79,北京,24
OPPO 电视 X8,2399,5497,2024/9/12,电视,OPPO,3439.03,30.24,138,87.67,上海,18
飞利浦 智能家居 X5,2995,294,2024/12/24,智能家居,飞利浦,4146.2,27.77,963,87.72,深圳,12
飞利浦 平板电脑 X9,6753,7571,2024/11/20,平板电脑,飞利浦,6812.44,0.87,335,80.9,上海,18
苹果 智能穿戴 X2,600,2234,2024/3/9,智能穿戴,苹果,879.54,31.78,353,92.22,北京,18
索尼 电视 X7,2525,9909,2024/9/23,电视,索尼,2566.62,1.62,178,81.79,广州,6
联想 电视 X7,9593,2428,2024/10/8,电视,联想,12389.89,22.57,301,96.4,广州,24
OPPO 平板电脑 X5,2798,9999,2025/1/24,平板电脑,OPPO,3857.48,27.47,842,87.02,北京,6
戴尔 电视 X1,3732,4688,2025/1/3,电视,戴尔,4325.07,13.71,992,81.2,杭州,12
海尔 投影仪 X3,5283,2545,2024/8/16,投影仪,海尔,6112.62,13.57,644,94.75,武汉,24
OPPO 智能手机 X9,9627,40865,2024/12/25,智能手机,OPPO,12118.55,20.56,909,93.84,杭州,18
华为 电视 X1,8133,2860,2024/6/23,电视,华为,8591.11,5.33,40,80.13,深圳,18
三星 智能穿戴 X1,712,4628,2024/4/1,智能穿戴,三星,826.9,13.9,895,88.88,杭州,24
华为 耳机 X9,851,2100,2024/11/10,耳机,华为,1010.51,15.79,447,86.58,杭州,12
OPPO 电视 X8,14599,2863,2024/9/24,电视,OPPO,20680.36,29.41,147,86.14,北京,12
苹果 平板电脑 X5,662,6287,2024/4/22,平板电脑,苹果,923.22,28.29,825,91.51,武汉,6
飞利浦 投影仪 X6,8569,2096,2024/10/29,投影仪,飞利浦,10359.44,17.28,239,98.3,上海,24
飞利浦 平板电脑 X8,7752,968,2024/3/8,平板电脑,飞利浦,10914.02,28.97,334,82.58,北京,12
索尼 平板电脑 X6,1692,890,2024/5/7,平板电脑,索尼,2172.82,22.13,665,82.64,杭州,12
海尔 耳机 X1,64,1737,2025/1/22,耳机,海尔,66.47,3.71,385,89.93,广州,6
海尔 智能家居 X3,673,1927,2024/3/3,智能家居,海尔,1001.32,32.79,609,86.63,深圳,12
海尔 智能家居 X5,1683,118,2024/6/18,智能家居,海尔,1748.13,3.73,691,98.44,武汉,18
索尼 耳机 X10,99,441,2024/4/13,耳机,索尼,124.01,20.17,915,82.25,北京,18
三星 智能穿戴 X9,875,1874,2024/8/28,智能穿戴,三星,1308.34,33.12,69,88.87,武汉,6
苹果 电视 X1,9828,747,2024/6/20,电视,苹果,11752.51,16.38,643,90.89,广州,12
小米 笔记本电脑 X6,12173,4611,2024/8/5,笔记本电脑,小米,14278.16,14.74,615,97.87,成都,18
苹果 投影仪 X1,3376,1558,2024/12/4,投影仪,苹果,4312.7,21.72,542,82.78,上海,12
戴尔 耳机 X4,580,731,2024/8/7,耳机,戴尔,594.75,2.48,787,92.98,上海,12
联想 投影仪 X3,6008,3248,2024/2/12,投影仪,联想,8263.3,27.29,802,86.86,上海,18
联想 耳机 X3,998,1255,2024/2/15,耳机,联想,1158.72,13.87,587,80.71,成都,24
华为 智能穿戴 X1,956,4462,2024/9/13,智能穿戴,华为,1087.06,12.06,371,92.52,深圳,24
苹果 投影仪 X2,3998,1674,2024/11/23,投影仪,苹果,5097.75,21.57,712,92.29,杭州,12
苹果 投影仪 X9,1818,2444,2024/10/5,投影仪,苹果,2619.24,30.59,545,82.47,武汉,18
索尼 耳机 X10,356,2094,2025/1/12,耳机,索尼,444.54,19.92,222,98.7,武汉,6
小米 电视 X8,13269,672,2024/7/29,电视,小米,16019.24,17.17,596,88.93,成都,24
海尔 智能手机 X1,2978,6388,2024/8/29,智能手机,海尔,3534.14,15.74,243,83.47,广州,6
三星 投影仪 X6,9863,553,2025/1/31,投影仪,三星,14762.45,33.19,306,88.45,武汉,12
海尔 智能穿戴 X1,891,2805,2025/1/25,智能穿戴,海尔,1034.55,13.88,812,94.62,杭州,6
三星 智能家居 X8,3460,2119,2024/6/20,智能家居,三星,3993.09,13.35,541,82.13,广州,6
索尼 智能穿戴 X8,418,514,2024/10/31,智能穿戴,索尼,570.07,26.68,762,85.68,成都,24
飞利浦 笔记本电脑 X10,8505,635,2024/12/26,笔记本电脑,飞利浦,11161.72,23.8,683,81.1,杭州,18
苹果 平板电脑 X8,5560,5791,2024/4/11,平板电脑,苹果,8068.46,31.09,436,92.82,北京,24
联想 智能穿戴 X4,173,4411,2024/5/26,智能穿戴,联想,188.29,8.12,226,94.06,上海,18
OPPO 耳机 X9,67,2117,2024/8/23,耳机,OPPO,75.44,11.18,667,90.01,上海,6
戴尔 耳机 X4,134,2496,2024/11/24,耳机,戴尔,149,10.07,189,86.74,深圳,12
苹果 智能手机 X1,6295,42263,2024/9/14,智能手机,苹果,7680.78,18.04,185,88.99,武汉,6
三星 智能手机 X10,9628,35239,2024/9/30,智能手机,三星,14174.05,32.07,539,85.36,深圳,12
飞利浦 智能家居 X8,3561,2967,2024/8/12,智能家居,飞利浦,4522.09,21.25,233,83.91,成都,12
联想 投影仪 X10,7837,4676,2024/4/11,投影仪,联想,11429.58,31.43,232,90.22,成都,12
苹果 电视 X5,9511,7166,2025/1/5,电视,苹果,13086.93,27.32,887,86.81,杭州,18
戴尔 智能手机 X10,3808,35027,2024/4/4,智能手机,戴尔,4955.68,23.16,883,82.98,杭州,18
小米 平板电脑 X5,5201,1194,2024/5/13,平板电脑,小米,6345.91,18.04,660,93.46,武汉,6
联想 笔记本电脑 X3,10565,5682,2024/4/28,笔记本电脑,联想,12694.77,16.78,993,89.52,深圳,24
联想 笔记本电脑 X10,14938,9033,2024/11/29,笔记本电脑,联想,21478.43,30.45,998,98.81,北京,6
飞利浦 智能家居 X10,453,1748,2024/11/17,智能家居,飞利浦,638.6,29.06,468,93.17,杭州,12
海尔 电视 X5,7861,6761,2024/9/27,电视,海尔,8639.46,9.01,461,97.87,广州,6
三星 智能家居 X1,1022,2279,2025/2/6,智能家居,三星,1356.21,24.64,344,87.59,北京,12
华为 智能家居 X5,3701,564,2024/12/6,智能家居,华为,3739.63,1.03,229,98.01,深圳,18
苹果 智能家居 X2,1690,1905,2025/1/2,智能家居,苹果,1813.82,6.83,612,86.87,广州,24
华为 智能手机 X9,7650,1421,2024/12/6,智能手机,华为,9799.82,21.94,273,97.15,深圳,24
戴尔 智能穿戴 X8,114,4839,2024/3/11,智能穿戴,戴尔,146.54,22.21,688,85.36,武汉,6
三星 智能手机 X8,2874,17000,2024/7/24,智能手机,三星,3784.22,24.05,256,82.85,上海,12
戴尔 投影仪 X6,1750,1774,2024/12/5,投影仪,戴尔,2226.89,21.42,212,89.65,深圳,12
小米 笔记本电脑 X4,10804,1733,2024/5/19,笔记本电脑,小米,12205.59,11.48,328,89.92,上海,12
三星 智能家居 X7,4175,1727,2024/6/10,智能家居,三星,4266.65,2.15,462,96.38,武汉,12
索尼 智能穿戴 X6,724,2036,2024/11/22,智能穿戴,索尼,780.02,7.18,462,84.81,北京,6
戴尔 投影仪 X9,9068,1336,2024/6/25,投影仪,戴尔,9626.45,5.8,784,83.02,深圳,6
海尔 笔记本电脑 X3,15181,9738,2024/5/22,笔记本电脑,海尔,21112.69,28.1,88,88.53,杭州,18
OPPO 智能家居 X6,4597,1990,2024/10/13,智能家居,OPPO,6023.97,23.69,84,85.79,广州,18
小米 智能家居 X9,1960,1752,2025/1/6,智能家居,小米,2155.54,9.07,750,81.34,成都,24
三星 智能手机 X4,4791,3831,2024/12/4,智能手机,三星,5272.37,9.13,908,87.58,杭州,18
联想 智能穿戴 X3,201,1216,2024/3/18,智能穿戴,联想,237.64,15.42,765,91.79,杭州,18
戴尔 耳机 X7,701,1259,2024/9/20,耳机,戴尔,939.33,25.37,116,89.29,成都,6
苹果 智能手机 X4,5920,9175,2024/11/21,智能手机,苹果,7220.45,18.01,371,93.27,北京,18
戴尔 投影仪 X4,1688,266,2024/9/25,投影仪,戴尔,2032.21,16.94,708,90.43,深圳,6
三星 智能家居 X7,2285,255,2024/6/2,智能家居,三星,2476.31,7.73,324,81.39,成都,24
海尔 智能手机 X2,4262,12048,2024/7/19,智能手机,海尔,5870.44,27.4,451,86.34,成都,6
联想 平板电脑 X4,1021,3463,2024/12/2,平板电脑,联想,1451.18,29.64,418,86.67,深圳,6
苹果 耳机 X8,536,1125,2024/11/6,耳机,苹果,610.43,12.19,370,84.53,北京,12
海尔 电视 X7,3492,3173,2024/9/30,电视,海尔,4570.83,23.6,654,85.08,上海,6
三星 智能穿戴 X1,590,806,2024/8/31,智能穿戴,三星,795.66,25.85,494,80.41,广州,24
OPPO 智能手机 X5,9149,47031,2024/5/2,智能手机,OPPO,11428.03,19.94,818,94.53,上海,18
飞利浦 投影仪 X5,9311,4395,2024/12/22,投影仪,飞利浦,11631.67,19.95,537,95.22,武汉,12
索尼 智能家居 X4,1136,802,2024/7/21,智能家居,索尼,1643.87,30.89,70,94.31,杭州,24
海尔 电视 X7,6507,8964,2024/12/13,电视,海尔,8925.05,27.09,671,82.48,成都,24
OPPO 智能手机 X8,2838,45711,2024/4/23,智能手机,OPPO,2876.09,1.32,36,80.88,广州,12
三星 智能家居 X8,1759,2100,2024/11/27,智能家居,三星,2235.94,21.33,438,89.09,杭州,6
飞利浦 平板电脑 X8,5536,4381,2024/10/9,平板电脑,飞利浦,7178.18,22.88,400,88.2,武汉,12
海尔 智能手机 X10,2602,18364,2024/4/16,智能手机,海尔,3453.67,24.66,881,80.11,北京,24
戴尔 电视 X7,7844,2649,2024/7/13,电视,戴尔,8315.79,5.67,778,96.04,成都,24
海尔 智能穿戴 X7,905,3633,2024/10/18,智能穿戴,海尔,945.04,4.24,853,86.84,上海,24
海尔 耳机 X1,261,1571,2024/6/2,耳机,海尔,299.61,12.89,591,95.99,广州,18
三星 耳机 X9,971,572,2024/3/14,耳机,三星,1119.34,13.25,966,90.2,北京,24
海尔 笔记本电脑 X3,12814,19928,2024/5/18,笔记本电脑,海尔,18489.58,30.7,169,86.12,武汉,12
苹果 投影仪 X1,8583,3536,2024/10/31,投影仪,苹果,9926.28,13.53,400,87.95,武汉,6
苹果 智能家居 X3,1332,788,2024/10/8,智能家居,苹果,1987.28,32.97,974,96.6,北京,18
三星 智能穿戴 X2,602,3403,2024/5/20,智能穿戴,三星,803.35,25.06,497,88.58,北京,12
联想 投影仪 X10,6024,2211,2024/11/3,投影仪,联想,8785.88,31.44,988,87.26,上海,6
联想 电视 X8,9656,5752,2024/6/14,电视,联想,12660.43,23.73,874,98.07,杭州,24
索尼 平板电脑 X8,6153,5065,2025/2/2,平板电脑,索尼,8799.61,30.08,919,89.25,武汉,18
索尼 智能手机 X5,8286,32598,2024/8/12,智能手机,索尼,8738.07,5.17,423,91.66,广州,6
索尼 笔记本电脑 X5,6339,12085,2024/5/20,笔记本电脑,索尼,8063.27,21.38,574,96.13,广州,24
苹果 投影仪 X2,4438,646,2024/8/28,投影仪,苹果,5268,15.76,996,84.44,成都,6
苹果 智能穿戴 X7,211,747,2024/3/9,智能穿戴,苹果,227.86,7.4,922,82.88,北京,18
海尔 笔记本电脑 X9,13960,12854,2024/7/20,笔记本电脑,海尔,14254.65,2.07,143,93.3,广州,18
OPPO 电视 X3,2190,9455,2024/9/24,电视,OPPO,2579.97,15.12,443,87.41,成都,12
三星 智能穿戴 X6,384,3558,2024/9/1,智能穿戴,三星,534.66,28.18,847,91.01,杭州,6
苹果 平板电脑 X8,5068,7393,2025/1/22,平板电脑,苹果,5097.47,0.58,703,85.64,武汉,18
飞利浦 智能手机 X9,1248,34862,2024/10/9,智能手机,飞利浦,1427.5,12.57,80,84.11,成都,24
OPPO 智能手机 X2,2040,39302,2024/7/31,智能手机,OPPO,2307.79,11.6,436,81.45,深圳,24
联想 智能穿戴 X5,152,2156,2024/7/31,智能穿戴,联想,155.46,2.23,453,98.34,上海,18
华为 平板电脑 X1,3109,4675,2024/6/16,平板电脑,华为,3980.89,21.9,312,98.91,上海,18
联想 智能穿戴 X8,201,500,2025/1/16,智能穿戴,联想,223.95,10.25,501,81.81,武汉,18
海尔 智能穿戴 X6,114,4358,2024/7/15,智能穿戴,海尔,169.5,32.74,891,89.17,成都,12
戴尔 耳机 X7,899,2484,2025/1/18,耳机,戴尔,998.13,9.93,511,90.09,成都,12
华为 平板电脑 X2,4268,706,2025/1/8,平板电脑,华为,5666.53,24.68,43,93.45,上海,18
联想 平板电脑 X3,6539,1505,2024/6/26,平板电脑,联想,7102.27,7.93,696,80.83,杭州,18
小米 智能穿戴 X8,952,953,2024/5/20,智能穿戴,小米,1094.57,13.03,118,81.28,上海,24
华为 智能穿戴 X5,738,4374,2024/8/24,智能穿戴,华为,1030.49,28.38,458,81.49,北京,18
OPPO 耳机 X1,239,1264,2024/8/30,耳机,OPPO,280.55,14.81,376,92.93,杭州,18
三星 平板电脑 X3,3414,5411,2024/6/10,平板电脑,三星,3907.96,12.64,994,87.06,广州,24
飞利浦 笔记本电脑 X9,14614,2248,2024/3/7,笔记本电脑,飞利浦,21351.8,31.56,773,83.86,北京,18
三星 电视 X1,7256,7484,2024/11/5,电视,三星,10147.18,28.49,197,95.53,广州,18
戴尔 电视 X3,14806,3476,2024/2/23,电视,戴尔,20936.9,29.28,217,92,上海,18
小米 电视 X9,7459,5609,2024/4/22,电视,小米,9933.58,24.91,639,88.8,成都,18
苹果 笔记本电脑 X10,12620,18875,2024/7/12,笔记本电脑,苹果,15665.52,19.44,681,92.05,深圳,18
OPPO 智能家居 X8,3724,2822,2024/6/20,智能家居,OPPO,3967.12,6.13,637,94.98,武汉,6
联想 耳机 X9,747,1410,2024/11/20,耳机,联想,810.38,7.82,709,95.84,武汉,12
戴尔 智能手机 X6,2900,16768,2024/5/5,智能手机,戴尔,4255.35,31.85,151,98.21,北京,6
索尼 智能家居 X5,4111,762,2024/8/5,智能家居,索尼,5591.7,26.48,497,98.36,成都,6
戴尔 智能家居 X4,224,1516,2024/5/4,智能家居,戴尔,333.36,32.8,118,82.72,北京,18
索尼 电视 X10,1003,9905,2024/10/31,电视,索尼,1371.14,26.85,760,98.95,成都,18
小米 智能家居 X3,4196,2491,2024/7/21,智能家居,小米,6001.46,30.08,59,83.49,深圳,6
小米 智能家居 X10,4201,1317,2024/2/11,智能家居,小米,5573.17,24.62,680,87.92,成都,18
联想 投影仪 X8,1449,2397,2024/6/2,投影仪,联想,1512.5,4.2,378,89.11,北京,24
联想 投影仪 X7,5339,4725,2024/2/9,投影仪,联想,6630.16,19.47,445,96.14,成都,18
三星 平板电脑 X10,5478,2165,2024/8/30,平板电脑,三星,7561.53,27.55,56,83.07,杭州,6
海尔 耳机 X6,487,115,2024/8/18,耳机,海尔,697.9,30.22,236,88.2,上海,12
华为 智能家居 X9,3984,2224,2024/6/8,智能家居,华为,5910.99,32.6,239,83.92,广州,18
海尔 笔记本电脑 X2,6725,3124,2024/11/9,笔记本电脑,海尔,8620.38,21.99,393,81.85,广州,18
华为 智能家居 X7,4158,2464,2024/6/20,智能家居,华为,5758.41,27.79,918,94.89,广州,18
三星 智能手机 X7,8441,7199,2024/9/19,智能手机,三星,11724.6,28.01,220,98.89,成都,18
海尔 投影仪 X10,9979,876,2025/1/6,投影仪,海尔,13521.25,26.2,482,85.51,北京,18
戴尔 笔记本电脑 X9,6937,14363,2024/10/2,笔记本电脑,戴尔,7440.81,6.77,1000,96.04,上海,6
苹果 智能手机 X2,8640,13884,2024/10/18,智能手机,苹果,12696.53,31.95,415,87.22,北京,6
海尔 智能穿戴 X8,907,1545,2024/4/18,智能穿戴,海尔,952.34,4.76,781,84.97,广州,12
戴尔 智能手机 X6,5951,15615,2024/6/13,智能手机,戴尔,6522.67,8.76,136,86.24,北京,12
戴尔 平板电脑 X9,7908,3380,2024/6/2,平板电脑,戴尔,9281,14.79,736,85.51,杭州,6
小米 投影仪 X6,1410,4202,2024/12/4,投影仪,小米,1760.93,19.93,316,94.41,武汉,12
华为 智能家居 X3,2102,846,2024/8/15,智能家居,华为,2301.72,8.68,818,83.27,上海,12
戴尔 投影仪 X2,9263,3798,2025/2/1,投影仪,戴尔,12882.45,28.1,659,86.45,深圳,12
三星 电视 X4,5114,4768,2024/11/17,电视,三星,7653.06,33.18,526,93.52,武汉,12
飞利浦 智能家居 X6,1353,477,2024/5/14,智能家居,飞利浦,1946.1,30.48,358,92.61,上海,12
OPPO 笔记本电脑 X2,4459,6634,2025/1/4,笔记本电脑,OPPO,5258.84,15.21,833,87.72,上海,18
联想 智能穿戴 X7,105,3627,2025/1/14,智能穿戴,联想,133.75,21.49,692,89.99,武汉,18
华为 智能家居 X1,187,2591,2024/6/5,智能家居,华为,240.03,22.09,37,86.94,广州,12
三星 智能穿戴 X1,572,323,2024/10/8,智能穿戴,三星,703.56,18.7,500,98.75,上海,6
飞利浦 智能穿戴 X4,889,2123,2024/10/9,智能穿戴,飞利浦,1253.79,29.1,515,89.97,成都,12
苹果 耳机 X10,474,2799,2024/5/24,耳机,苹果,644.85,26.49,458,89.22,成都,12
索尼 智能家居 X5,3640,2737,2024/7/12,智能家居,索尼,4663.53,21.95,931,89.61,广州,18
戴尔 笔记本电脑 X5,12811,13354,2024/2/11,笔记本电脑,戴尔,16639.59,23.01,596,86.14,深圳,12
小米 平板电脑 X7,6616,4280,2024/11/16,平板电脑,小米,9578.08,30.93,480,86.18,武汉,24
海尔 笔记本电脑 X8,14632,1913,2024/7/16,笔记本电脑,海尔,16639.16,12.06,282,89.35,成都,12
OPPO 平板电脑 X10,6582,3358,2024/9/27,平板电脑,OPPO,9031.28,27.12,78,89.19,深圳,12
苹果 电视 X2,13415,5118,2024/10/14,电视,苹果,16136.78,16.87,237,86.75,杭州,12
飞利浦 智能穿戴 X9,300,4940,2024/7/7,智能穿戴,飞利浦,362.55,17.25,612,80.66,深圳,24
苹果 笔记本电脑 X9,16541,12192,2024/12/8,笔记本电脑,苹果,17431.21,5.11,643,86.14,成都,12
海尔 笔记本电脑 X6,11617,12051,2024/5/30,笔记本电脑,海尔,16321.47,28.82,33,88.43,杭州,18
苹果 平板电脑 X4,7925,6664,2024/3/24,平板电脑,苹果,8685.03,8.75,44,82.19,成都,6
索尼 电视 X7,3416,637,2024/9/6,电视,索尼,4091.25,16.5,535,96.85,杭州,24
三星 智能穿戴 X8,789,4165,2025/1/25,智能穿戴,三星,856.25,7.85,930,94.09,上海,24
苹果 耳机 X10,202,1810,2025/1/11,耳机,苹果,263.8,23.43,192,84.88,成都,24
小米 智能家居 X6,2049,2422,2024/8/14,智能家居,小米,2145.79,4.51,726,84.52,上海,24
海尔 智能手机 X1,9479,18806,2024/12/17,智能手机,海尔,13186.23,28.11,674,88.54,深圳,24
OPPO 笔记本电脑 X1,7054,8022,2024/6/25,笔记本电脑,OPPO,7856.81,10.22,932,85.68,广州,24
三星 平板电脑 X8,1911,5701,2024/5/13,平板电脑,三星,2584.97,26.07,791,87.08,广州,18
联想 耳机 X1,727,232,2024/8/27,耳机,联想,859.3,15.4,437,93.7,杭州,6
海尔 笔记本电脑 X10,12594,17992,2024/12/19,笔记本电脑,海尔,13897.34,9.38,895,83.14,深圳,18
海尔 耳机 X5,368,2792,2024/6/3,耳机,海尔,472.44,22.11,23,98.81,广州,18
苹果 投影仪 X7,9428,1625,2024/7/21,投影仪,苹果,12936.97,27.12,226,92.37,武汉,6
联想 耳机 X3,449,700,2024/3/31,耳机,联想,567.95,20.94,436,91.83,成都,18
苹果 平板电脑 X7,3301,592,2024/7/18,平板电脑,苹果,3654.99,9.69,569,90.48,广州,24
OPPO 投影仪 X8,6139,2074,2024/7/30,投影仪,OPPO,8922.75,31.2,189,96.04,广州,6
海尔 投影仪 X1,9680,1869,2024/10/8,投影仪,海尔,13369.01,27.59,646,82.89,成都,24
小米 耳机 X4,78,2214,2024/10/27,耳机,小米,85.09,8.34,195,95.36,上海,12
小米 平板电脑 X5,6824,3166,2024/6/17,平板电脑,小米,8841.34,22.82,521,84.91,成都,6
戴尔 智能穿戴 X10,729,571,2024/9/9,智能穿戴,戴尔,1034.75,29.55,452,95.32,北京,24
三星 平板电脑 X8,6259,3305,2024/3/24,平板电脑,三星,6819.9,8.22,753,92.14,成都,18
飞利浦 耳机 X2,226,2594,2024/12/24,耳机,飞利浦,303.33,25.49,123,98.43,北京,12
联想 智能穿戴 X6,467,4085,2024/8/18,智能穿戴,联想,468.86,0.4,365,90.49,北京,24
苹果 投影仪 X5,3277,424,2024/6/1,投影仪,苹果,3359.11,2.44,640,86.06,上海,18
联想 耳机 X10,261,2639,2024/3/3,耳机,联想,313.82,16.83,739,80.18,武汉,6
海尔 平板电脑 X5,5747,4548,2024/10/8,平板电脑,海尔,7721.51,25.57,613,92,武汉,6
三星 电视 X2,10140,5937,2024/9/6,电视,三星,10286.06,1.42,20,88.32,广州,18
OPPO 耳机 X7,617,262,2024/8/12,耳机,OPPO,693.87,11.08,256,81.51,杭州,6
戴尔 智能手机 X1,8623,24107,2024/6/26,智能手机,戴尔,9264.82,6.93,691,85.38,杭州,6
小米 智能家居 X6,4389,1801,2024/5/11,智能家居,小米,5198.41,15.57,689,83.77,上海,24
小米 平板电脑 X7,4414,2265,2024/9/7,平板电脑,小米,5803.23,23.94,600,81.17,北京,24
索尼 智能穿戴 X3,589,4738,2024/4/12,智能穿戴,索尼,769.17,23.42,840,94.02,武汉,24
华为 笔记本电脑 X7,12543,19575,2024/10/6,笔记本电脑,华为,15805.31,20.64,72,81.52,成都,24
索尼 智能家居 X10,407,960,2024/12/28,智能家居,索尼,591.57,31.2,251,98.62,上海,6
索尼 智能家居 X7,3860,938,2024/10/16,智能家居,索尼,5228.41,26.17,484,92.24,武汉,12
海尔 平板电脑 X5,4562,8871,2024/5/20,平板电脑,海尔,4692.97,2.79,717,84.81,武汉,24
三星 耳机 X7,73,687,2024/6/14,耳机,三星,83.7,12.79,890,83.16,上海,6
OPPO 投影仪 X7,6904,4962,2024/12/26,投影仪,OPPO,10173.07,32.13,189,91.14,成都,18
联想 智能家居 X4,3613,391,2024/5/25,智能家居,联想,4496.92,19.66,678,84.2,北京,24
海尔 电视 X5,11624,319,2024/2/26,电视,海尔,14198.08,18.13,749,94.34,上海,24
戴尔 智能家居 X4,4264,1905,2025/1/26,智能家居,戴尔,5278.53,19.22,903,83.35,深圳,18
联想 智能手机 X7,6675,22565,2024/11/30,智能手机,联想,8636.28,22.71,448,87.67,杭州,6
海尔 投影仪 X2,9669,4295,2024/11/4,投影仪,海尔,11521.52,16.08,650,92.01,广州,24
戴尔 平板电脑 X8,7107,9242,2025/1/8,平板电脑,戴尔,9086.76,21.79,281,89.74,广州,12
华为 笔记本电脑 X9,12815,16895,2024/12/21,笔记本电脑,华为,17216.23,25.56,762,90.07,武汉,24
小米 智能家居 X5,4884,260,2024/9/10,智能家居,小米,5471.44,10.74,836,81.88,武汉,18
三星 智能家居 X8,3669,976,2025/1/1,智能家居,三星,5447.13,32.64,373,95.08,杭州,24
OPPO 投影仪 X4,6932,3707,2024/7/24,投影仪,OPPO,7180.35,3.46,906,85.8,广州,6
三星 智能家居 X7,4946,1421,2024/7/29,智能家居,三星,5260.71,5.98,539,92.18,上海,12
华为 笔记本电脑 X2,3889,17357,2024/6/5,笔记本电脑,华为,5635.74,30.99,439,83.36,深圳,18
联想 电视 X9,10943,4448,2024/12/18,电视,联想,14301.26,23.48,808,84.77,深圳,12
索尼 智能穿戴 X7,302,2776,2024/11/8,智能穿戴,索尼,315.3,4.22,381,97.29,杭州,6
OPPO 投影仪 X9,6803,1603,2024/5/21,投影仪,OPPO,8947.41,23.97,736,85.1,上海,12
戴尔 笔记本电脑 X6,18938,11937,2024/8/6,笔记本电脑,戴尔,20505.85,7.65,70,84.08,北京,18
海尔 电视 X7,1055,5279,2024/8/16,电视,海尔,1124.34,6.17,499,80.04,上海,12
联想 智能手机 X2,9433,9237,2024/9/28,智能手机,联想,10382.39,9.14,609,82.75,广州,12
联想 电视 X10,2917,8839,2024/5/30,电视,联想,4195.59,30.47,786,92.28,杭州,12
海尔 耳机 X2,833,2771,2024/2/10,耳机,海尔,982.54,15.22,985,95.66,杭州,6
华为 智能家居 X5,2127,1596,2024/9/26,智能家居,华为,2490.58,14.6,327,84.76,成都,24
小米 电视 X4,14008,4015,2024/11/7,电视,小米,16347.34,14.31,957,90.73,杭州,12
小米 投影仪 X1,6318,4592,2024/4/1,投影仪,小米,6713.49,5.89,686,88.55,成都,6
华为 平板电脑 X1,4615,6739,2024/5/28,平板电脑,华为,5832.85,20.88,864,84.35,上海,6
索尼 平板电脑 X9,6875,8547,2024/9/20,平板电脑,索尼,8283.13,17,828,82.75,成都,12
OPPO 平板电脑 X9,7924,6580,2024/4/22,平板电脑,OPPO,9293.49,14.74,838,93.38,上海,24
三星 智能穿戴 X4,521,2639,2024/8/18,智能穿戴,三星,619.51,15.9,335,97.99,武汉,12
联想 平板电脑 X9,2686,1008,2024/12/13,平板电脑,联想,3153.78,14.83,732,84.42,武汉,18
联想 投影仪 X3,4838,1048,2024/3/12,投影仪,联想,5763.03,16.05,215,83.49,成都,24
飞利浦 投影仪 X4,7915,1413,2025/1/4,投影仪,飞利浦,9229.56,14.24,299,93.14,武汉,6
小米 智能穿戴 X8,662,2728,2024/3/17,智能穿戴,小米,903.17,26.7,735,80.4,深圳,24
飞利浦 投影仪 X7,9051,258,2024/3/2,投影仪,飞利浦,10433.62,13.25,900,82.65,成都,18
三星 笔记本电脑 X10,15948,1259,2024/8/28,笔记本电脑,三星,23794.46,32.98,416,90.03,广州,24
三星 平板电脑 X1,1106,9186,2024/5/8,平板电脑,三星,1627.96,32.06,271,92.11,杭州,6
OPPO 笔记本电脑 X6,5683,12835,2024/4/29,笔记本电脑,OPPO,6863.13,17.2,927,83.75,上海,12
飞利浦 智能家居 X3,2970,819,2024/4/15,智能家居,飞利浦,3083.54,3.68,500,80.02,广州,6
索尼 平板电脑 X1,7672,412,2024/3/5,平板电脑,索尼,10396.79,26.21,947,91.29,北京,18
戴尔 电视 X8,3420,3741,2024/3/24,电视,戴尔,4827.59,29.16,459,95.48,成都,18
飞利浦 笔记本电脑 X1,12140,14284,2024/11/20,笔记本电脑,飞利浦,17971.65,32.45,633,95.36,成都,12
海尔 智能家居 X5,4155,391,2024/10/5,智能家居,海尔,4578.81,9.26,719,97.7,广州,18
索尼 智能家居 X6,3416,919,2024/10/3,智能家居,索尼,5094.52,32.95,331,86.51,上海,24
三星 平板电脑 X10,1865,4801,2024/12/13,平板电脑,三星,1936.72,3.7,879,91.11,广州,24
OPPO 智能手机 X4,1906,14992,2025/1/2,智能手机,OPPO,2698.12,29.36,246,86.32,武汉,6
飞利浦 投影仪 X5,3394,4010,2024/8/3,投影仪,飞利浦,4070.14,16.61,338,89.23,杭州,24
戴尔 智能手机 X2,8647,31924,2024/12/14,智能手机,戴尔,9825.97,12,63,92.74,上海,12
OPPO 电视 X9,7274,6827,2024/6/13,电视,OPPO,8899.72,18.27,573,92.68,武汉,24
苹果 智能家居 X3,3499,2264,2024/3/1,智能家居,苹果,3621.83,3.39,289,98.94,上海,6
苹果 智能手机 X9,5211,12940,2024/11/19,智能手机,苹果,5286.4,1.43,43,90.96,北京,18
联想 智能穿戴 X7,796,4494,2024/9/18,智能穿戴,联想,927.27,14.16,473,96.36,成都,12
三星 耳机 X9,191,2552,2024/8/1,耳机,三星,265.98,28.19,576,91.83,深圳,24
OPPO 智能穿戴 X3,700,224,2024/8/17,智能穿戴,OPPO,923.84,24.23,111,96.26,杭州,12
海尔 电视 X4,12191,6188,2024/10/11,电视,海尔,15534.43,21.52,17,83.68,广州,12
OPPO 耳机 X8,914,1863,2025/1/12,耳机,OPPO,1084,15.68,234,95.56,北京,12
华为 智能手机 X2,1276,41615,2024/2/25,智能手机,华为,1867.9,31.69,266,80.77,北京,18
索尼 智能家居 X6,2063,2309,2025/1/7,智能家居,索尼,3020.03,31.69,833,94.74,深圳,12
飞利浦 平板电脑 X5,7897,4643,2024/3/8,平板电脑,飞利浦,9265.16,14.77,64,84.34,成都,6
索尼 电视 X5,13247,9857,2024/6/9,电视,索尼,13756.15,3.7,193,94.84,广州,12
海尔 笔记本电脑 X2,13787,9999,2024/10/18,笔记本电脑,海尔,14246.79,3.23,877,87.76,广州,18
三星 智能穿戴 X1,908,1413,2024/4/9,智能穿戴,三星,946.39,4.06,31,97.79,成都,18
戴尔 投影仪 X6,6544,1052,2024/12/29,投影仪,戴尔,6836.36,4.28,315,86.55,成都,6
华为 智能手机 X9,5088,42414,2024/4/26,智能手机,华为,6739.39,24.5,445,96.7,武汉,12
小米 智能家居 X6,3478,2749,2024/5/17,智能家居,小米,4712.89,26.2,173,84.19,成都,24
三星 投影仪 X7,8971,3350,2024/4/6,投影仪,三星,13336.16,32.73,165,92.25,深圳,12
联想 耳机 X8,512,1616,2024/2/27,耳机,联想,649.81,21.21,484,95.49,北京,12
OPPO 平板电脑 X8,2553,8579,2024/3/2,平板电脑,OPPO,3189.45,19.95,624,89.61,深圳,12
小米 平板电脑 X7,5404,1747,2024/9/28,平板电脑,小米,7169.05,24.62,369,81.67,上海,12
索尼 智能家居 X7,1332,305,2024/3/2,智能家居,索尼,1337.56,0.42,25,86.72,武汉,24
海尔 投影仪 X6,1176,2675,2024/5/27,投影仪,海尔,1279.72,8.1,139,82.8,深圳,24
OPPO 智能穿戴 X3,952,2263,2024/8/19,智能穿戴,OPPO,1376.21,30.82,720,90.01,深圳,24
苹果 平板电脑 X8,680,8593,2024/3/29,平板电脑,苹果,1000.57,32.04,887,98.03,广州,18
华为 平板电脑 X8,3186,8597,2024/7/30,平板电脑,华为,4446.7,28.35,741,95.38,上海,6
索尼 智能家居 X6,2626,2389,2024/9/5,智能家居,索尼,3516.41,25.32,737,94.79,广州,24
海尔 智能家居 X9,914,948,2024/7/9,智能家居,海尔,1114.76,18.01,213,81.9,武汉,18
OPPO 智能穿戴 X10,463,1407,2024/6/22,智能穿戴,OPPO,586.69,21.08,65,86.1,上海,12
飞利浦 电视 X5,9361,3988,2024/7/29,电视,飞利浦,12475.86,24.97,686,81.08,深圳,24
小米 智能手机 X4,4437,29882,2025/1/19,智能手机,小米,5752.86,22.87,184,91.77,成都,6
小米 智能家居 X4,2187,287,2024/4/5,智能家居,小米,2429.94,10,317,98.79,武汉,12
华为 电视 X8,1181,2055,2024/5/13,电视,华为,1368.78,13.72,197,93.39,杭州,24
戴尔 平板电脑 X10,4861,8168,2024/11/15,平板电脑,戴尔,6070.93,19.93,202,82.13,广州,24
苹果 笔记本电脑 X8,8361,10141,2024/5/13,笔记本电脑,苹果,9022.21,7.33,913,95.5,杭州,12
戴尔 笔记本电脑 X9,19348,12199,2024/2/9,笔记本电脑,戴尔,21035.74,8.02,619,81.07,杭州,6
华为 投影仪 X6,6604,1521,2024/4/27,投影仪,华为,8803.08,24.98,151,85.6,北京,24
飞利浦 智能穿戴 X3,886,2653,2024/10/6,智能穿戴,飞利浦,1172.46,24.43,554,98.64,北京,18
戴尔 投影仪 X2,7014,1766,2024/3/31,投影仪,戴尔,9953.03,29.53,164,85.29,杭州,18
联想 笔记本电脑 X9,7732,17824,2024/2/9,笔记本电脑,联想,9947.76,22.27,339,84.89,杭州,12
三星 智能手机 X10,3800,17189,2024/2/12,智能手机,三星,4199.23,9.51,292,85.54,成都,18
戴尔 笔记本电脑 X9,19633,17157,2024/10/3,笔记本电脑,戴尔,24765.57,20.72,202,82.95,广州,18
华为 智能手机 X10,1915,45443,2024/8/15,智能手机,华为,1916.23,0.06,86,89.46,武汉,12
海尔 智能家居 X10,1882,437,2024/6/16,智能家居,海尔,2653.43,29.07,469,95.91,成都,24
海尔 电视 X4,9162,4547,2024/8/12,电视,海尔,11854.36,22.71,598,98.53,上海,6
小米 平板电脑 X7,753,3917,2024/11/23,平板电脑,小米,760.45,0.98,504,89.37,广州,12
联想 电视 X5,5929,8031,2024/12/12,电视,联想,5985.93,0.95,623,84.03,杭州,12
联想 耳机 X3,666,370,2024/9/10,耳机,联想,919.58,27.58,227,82.8,上海,6
OPPO 耳机 X3,960,391,2025/1/30,耳机,OPPO,1248.05,23.08,142,80.8,武汉,12
小米 智能穿戴 X6,576,4206,2024/4/29,智能穿戴,小米,798.32,27.85,648,96.52,广州,12
戴尔 智能手机 X2,3069,8994,2024/9/18,智能手机,戴尔,4466.64,31.29,557,94.31,北京,24
OPPO 平板电脑 X5,2465,1247,2024/5/18,平板电脑,OPPO,2686.17,8.23,894,88.97,北京,6
三星 投影仪 X5,5271,4978,2024/10/11,投影仪,三星,5486.89,3.93,564,84.64,武汉,6
索尼 智能手机 X6,6089,2256,2024/6/23,智能手机,索尼,6463.66,5.8,84,93.29,深圳,24
小米 智能家居 X7,2235,667,2024/4/9,智能家居,小米,2313.66,3.4,857,81.59,广州,6
三星 耳机 X6,64,2544,2024/8/12,耳机,三星,78.2,18.16,446,84.57,广州,18
戴尔 智能穿戴 X1,471,3539,2024/8/2,智能穿戴,戴尔,666.61,29.34,334,84.68,深圳,24
三星 智能手机 X7,9219,9406,2024/8/29,智能手机,三星,9483.49,2.79,174,89.96,杭州,12
戴尔 智能家居 X5,1487,1479,2024/4/5,智能家居,戴尔,2207.49,32.64,68,82.8,上海,6
戴尔 智能穿戴 X3,928,625,2024/2/9,智能穿戴,戴尔,999.95,7.2,839,84.36,成都,12
华为 耳机 X4,449,808,2024/4/29,耳机,华为,495.76,9.43,273,90,成都,6
飞利浦 电视 X8,9326,8946,2024/6/16,电视,飞利浦,12579.73,25.86,239,96.73,杭州,6
联想 电视 X7,9311,1514,2025/1/4,电视,联想,9381.1,0.75,85,85.41,深圳,12
小米 智能家居 X5,4865,1529,2024/11/24,智能家居,小米,7289.71,33.26,556,96.13,武汉,18
苹果 智能穿戴 X10,128,3240,2024/7/13,智能穿戴,苹果,180.04,28.9,288,87.17,成都,18
海尔 智能手机 X4,9061,49399,2024/9/1,智能手机,海尔,9784.06,7.39,959,93.66,广州,12
戴尔 平板电脑 X2,2434,5677,2024/4/20,平板电脑,戴尔,3271.78,25.61,682,82.24,广州,12
苹果 智能手机 X2,5782,41375,2024/5/11,智能手机,苹果,6741.53,14.23,112,98.42,北京,18
三星 智能家居 X1,752,828,2024/7/23,智能家居,三星,1010.06,25.55,336,96.02,深圳,18
苹果 智能家居 X1,4695,1427,2024/9/9,智能家居,苹果,5625.45,16.54,354,96.53,武汉,12
海尔 投影仪 X7,7941,2541,2024/10/31,投影仪,海尔,11908.54,33.32,180,95.39,上海,24
OPPO 平板电脑 X2,6710,872,2025/2/2,平板电脑,OPPO,8597.59,21.95,971,86.96,深圳,6
飞利浦 笔记本电脑 X5,19285,13752,2025/1/28,笔记本电脑,飞利浦,21158.85,8.86,441,89.1,杭州,12
华为 电视 X8,11777,6318,2024/3/29,电视,华为,13631.69,13.61,337,92.07,杭州,24
飞利浦 耳机 X5,212,2889,2024/9/21,耳机,飞利浦,244.79,13.4,856,92.3,武汉,18
海尔 智能手机 X5,2969,29098,2024/8/15,智能手机,海尔,3491.6,14.97,611,83.95,广州,24
海尔 耳机 X7,869,1009,2024/12/31,耳机,海尔,1011.03,14.05,873,85.24,成都,18
OPPO 平板电脑 X6,2195,7894,2024/2/16,平板电脑,OPPO,2401.99,8.62,541,88.47,杭州,24
戴尔 电视 X5,13657,5771,2024/10/6,电视,戴尔,18034.29,24.27,873,89.82,成都,24
联想 笔记本电脑 X7,11983,8186,2024/5/12,笔记本电脑,联想,13701.94,12.55,273,83.16,武汉,24
飞利浦 智能家居 X9,3227,1839,2024/11/20,智能家居,飞利浦,4067.37,20.66,337,90.15,成都,6
索尼 平板电脑 X6,2013,1758,2024/7/30,平板电脑,索尼,2395.34,15.96,647,95,成都,12
索尼 智能家居 X8,4448,2692,2024/4/19,智能家居,索尼,5789.06,23.17,656,90.95,杭州,6
海尔 电视 X6,8302,6302,2024/11/11,电视,海尔,10852.73,23.5,959,88.74,武汉,18
飞利浦 笔记本电脑 X2,7476,16171,2024/11/18,笔记本电脑,飞利浦,10314.88,27.52,908,91.7,北京,24
飞利浦 智能穿戴 X1,648,3782,2024/4/5,智能穿戴,飞利浦,826.17,21.57,201,80.34,武汉,6
OPPO 投影仪 X3,3160,4521,2024/9/8,投影仪,OPPO,3468.68,8.9,826,93.94,北京,24
海尔 笔记本电脑 X6,5094,13237,2024/12/22,笔记本电脑,海尔,5889.29,13.5,104,82.63,深圳,12
OPPO 笔记本电脑 X8,6851,7275,2024/5/17,笔记本电脑,OPPO,7266.34,5.72,582,94.53,上海,18
小米 耳机 X10,939,170,2024/5/4,耳机,小米,1077.65,12.87,647,91.95,深圳,24
飞利浦 笔记本电脑 X4,4869,17545,2024/2/27,笔记本电脑,飞利浦,6354.07,23.37,549,82.81,广州,24
OPPO 耳机 X10,87,1033,2024/7/27,耳机,OPPO,88.68,1.9,469,96.51,深圳,6
飞利浦 耳机 X2,820,155,2024/7/26,耳机,飞利浦,837.08,2.04,198,97.9,广州,18
苹果 投影仪 X2,9922,3511,2025/1/5,投影仪,苹果,9941.41,0.2,675,93.44,北京,18
海尔 电视 X3,14292,5854,2024/7/17,电视,海尔,17189.83,16.86,64,93.82,广州,6
索尼 智能手机 X3,3608,33809,2024/5/27,智能手机,索尼,3830.68,5.81,800,86.43,上海,24
小米 智能穿戴 X9,112,3371,2024/12/1,智能穿戴,小米,160.37,30.16,314,96.77,杭州,12
苹果 投影仪 X9,4962,4496,2024/5/15,投影仪,苹果,5462.25,9.16,369,90.11,武汉,6
小米 投影仪 X3,6363,1854,2024/7/21,投影仪,小米,8580.02,25.84,173,89.19,广州,18
三星 耳机 X9,334,1124,2024/2/18,耳机,三星,352,5.11,64,97.93,北京,12
华为 智能家居 X3,1887,2833,2024/2/9,智能家居,华为,2673.57,29.42,830,80.04,上海,24
小米 智能穿戴 X6,855,471,2024/4/14,智能穿戴,小米,1113.23,23.2,774,93.77,深圳,12
三星 平板电脑 X6,857,7868,2024/11/2,平板电脑,三星,1056.36,18.87,996,82.65,成都,12
联想 平板电脑 X6,5616,1716,2024/8/23,平板电脑,联想,8050.57,30.24,866,81.93,成都,24
联想 投影仪 X5,4528,3222,2024/6/9,投影仪,联想,6368.6,28.9,388,80.3,武汉,6
海尔 平板电脑 X6,4018,1843,2024/9/8,平板电脑,海尔,4826.59,16.75,902,87.16,深圳,24
联想 智能家居 X9,3093,586,2024/9/16,智能家居,联想,4611.38,32.93,976,84.39,武汉,6
海尔 智能穿戴 X6,930,541,2024/2/18,智能穿戴,海尔,969.48,4.07,374,94.5,深圳,18
三星 笔记本电脑 X2,19613,18586,2025/2/4,笔记本电脑,三星,25076.83,21.79,384,97.06,武汉,12
索尼 耳机 X4,179,2900,2024/8/19,耳机,索尼,182.52,1.93,853,90.03,上海,12
戴尔 耳机 X2,94,2877,2025/1/19,耳机,戴尔,112.61,16.53,22,97.5,武汉,12
海尔 笔记本电脑 X8,4930,19759,2024/11/5,笔记本电脑,海尔,5879.07,16.14,137,90.51,杭州,12
苹果 智能手机 X9,8288,4960,2024/7/20,智能手机,苹果,9474.23,12.52,200,84.61,广州,18
小米 智能穿戴 X10,623,137,2024/2/21,智能穿戴,小米,674.16,7.59,496,96.56,深圳,12
华为 平板电脑 X2,7272,1856,2024/10/16,平板电脑,华为,9135.01,20.39,252,84.24,成都,12
联想 智能家居 X7,1446,55,2024/7/25,智能家居,联想,2029.46,28.75,407,91.68,北京,18
华为 投影仪 X8,4518,236,2024/7/29,投影仪,华为,6769.35,33.26,669,87.14,上海,12
联想 智能家居 X7,4168,2521,2025/2/5,智能家居,联想,4469.7,6.75,717,98.03,上海,24
海尔 智能手机 X9,1062,21683,2024/7/19,智能手机,海尔,1065.81,0.36,853,83.06,上海,24
索尼 智能家居 X1,1806,151,2024/11/24,智能家居,索尼,2157.33,16.29,868,93.03,上海,6
OPPO 耳机 X5,532,308,2024/10/7,耳机,OPPO,542.31,1.9,212,81.51,成都,18
飞利浦 耳机 X5,229,1019,2024/3/16,耳机,飞利浦,295.21,22.43,483,90.57,广州,12
索尼 笔记本电脑 X1,14440,1304,2024/3/7,笔记本电脑,索尼,14682.81,1.65,427,81.55,武汉,18
索尼 智能穿戴 X6,604,671,2024/10/8,智能穿戴,索尼,751.78,19.66,145,92.33,杭州,18
联想 智能家居 X1,4178,294,2024/11/12,智能家居,联想,5464.11,23.54,888,88.89,广州,24
索尼 耳机 X2,570,1254,2024/12/2,耳机,索尼,684.59,16.74,758,94.55,广州,24
小米 智能家居 X7,3884,2609,2024/4/30,智能家居,小米,5802.98,33.07,327,91.67,成都,24
OPPO 笔记本电脑 X9,12595,9506,2025/1/1,笔记本电脑,OPPO,17927.57,29.75,253,82.11,广州,18
索尼 智能家居 X8,932,1003,2024/3/21,智能家居,索尼,1196.35,22.1,732,91,北京,12
三星 电视 X1,3307,4249,2024/11/21,电视,三星,4487.75,26.31,662,83.24,北京,24
戴尔 平板电脑 X9,1753,4340,2024/3/21,平板电脑,戴尔,2538.1,30.93,635,81.43,成都,12
小米 智能家居 X6,4566,2537,2024/6/25,智能家居,小米,5208.37,12.33,536,80.9,广州,6
小米 耳机 X9,534,385,2024/9/12,耳机,小米,749.32,28.74,295,94.52,武汉,12
飞利浦 智能穿戴 X9,716,3134,2024/3/5,智能穿戴,飞利浦,1061.41,32.54,770,95.59,上海,6
联想 电视 X1,4930,2374,2024/8/20,电视,联想,5285.7,6.73,304,86.35,武汉,24
戴尔 智能穿戴 X6,1000,416,2025/1/27,智能穿戴,戴尔,1478.72,32.37,749,92.92,上海,12
华为 笔记本电脑 X1,9536,15474,2024/4/4,笔记本电脑,华为,11472.85,16.88,899,83.53,深圳,6
联想 智能手机 X6,2974,40171,2024/5/16,智能手机,联想,3237.91,8.15,832,83.85,北京,12
飞利浦 智能家居 X10,763,1399,2024/12/15,智能家居,飞利浦,1054.84,27.67,216,90.61,上海,6
小米 智能家居 X6,3409,1912,2024/7/5,智能家居,小米,4664.95,26.92,20,94.41,北京,18
三星 电视 X4,14704,7034,2024/7/20,电视,三星,18712.46,21.42,455,82.13,成都,24
海尔 笔记本电脑 X5,14030,12458,2024/6/1,笔记本电脑,海尔,14407.28,2.62,179,95.12,成都,24
华为 智能穿戴 X6,282,2827,2024/9/2,智能穿戴,华为,328.2,14.08,166,93.39,深圳,18
小米 投影仪 X10,8426,680,2024/3/31,投影仪,小米,11548.86,27.04,730,89.47,深圳,12
索尼 智能穿戴 X2,408,716,2024/9/25,智能穿戴,索尼,542.93,24.85,182,93.6,深圳,18
索尼 平板电脑 X5,1099,2437,2024/11/1,平板电脑,索尼,1330.46,17.4,555,95.98,武汉,18
苹果 笔记本电脑 X3,3999,18731,2024/8/22,笔记本电脑,苹果,5732.15,30.24,391,81.42,杭州,24
戴尔 电视 X4,12879,3657,2024/3/15,电视,戴尔,17386.35,25.92,652,98.97,广州,18
索尼 笔记本电脑 X7,9163,11321,2024/7/12,笔记本电脑,索尼,10891.61,15.87,518,88.8,深圳,6
飞利浦 平板电脑 X2,1238,8487,2025/1/16,平板电脑,飞利浦,1600.9,22.67,939,91.23,上海,6
飞利浦 平板电脑 X7,5571,4299,2024/8/15,平板电脑,飞利浦,5736.87,2.89,70,86.64,成都,18
三星 投影仪 X8,8530,4294,2024/5/15,投影仪,三星,12025.96,29.07,479,97.64,北京,24
华为 笔记本电脑 X7,16388,6180,2024/6/20,笔记本电脑,华为,23199.55,29.36,868,97.23,杭州,18
联想 智能家居 X1,2678,2376,2024/8/5,智能家居,联想,3447.12,22.31,392,84.25,杭州,24
华为 耳机 X1,993,2793,2024/6/16,耳机,华为,1108.5,10.42,567,98.97,北京,6
三星 笔记本电脑 X5,5699,16013,2024/9/16,笔记本电脑,三星,7860.06,27.49,718,98.94,深圳,6
飞利浦 智能手机 X8,7027,8207,2024/7/10,智能手机,飞利浦,8755.13,19.74,802,86.59,深圳,24
苹果 投影仪 X1,5154,2592,2024/8/21,投影仪,苹果,7699.87,33.06,419,94.36,杭州,12
OPPO 投影仪 X7,9841,1853,2024/5/28,投影仪,OPPO,14102.77,30.22,355,80.08,上海,18
苹果 智能手机 X1,4677,32851,2024/5/5,智能手机,苹果,6724.96,30.45,587,87.62,上海,6
飞利浦 电视 X6,9754,1660,2024/3/28,电视,飞利浦,11070.6,11.89,34,81.07,杭州,12
小米 电视 X5,6279,4716,2024/5/3,电视,小米,8669.44,27.57,592,97.28,上海,12
OPPO 平板电脑 X5,6322,8587,2024/3/9,平板电脑,OPPO,6822.7,7.34,495,96.84,深圳,18
苹果 电视 X4,11418,5085,2024/2/21,电视,苹果,12342.53,7.49,908,88.79,武汉,18
华为 电视 X7,1309,5918,2024/12/15,电视,华为,1643.84,20.37,159,96.03,广州,24
OPPO 电视 X3,6072,6436,2024/9/25,电视,OPPO,7050.49,13.88,281,83.98,成都,18
华为 投影仪 X8,9039,1980,2025/2/4,投影仪,华为,11849.13,23.72,710,93.08,成都,24
OPPO 平板电脑 X7,6538,5573,2024/9/18,平板电脑,OPPO,8902.01,26.56,510,83.15,成都,12
索尼 投影仪 X9,9574,1613,2024/12/8,投影仪,索尼,10153.43,5.71,864,87.99,深圳,18
三星 智能家居 X8,2159,383,2025/1/29,智能家居,三星,2197.46,1.75,582,87.53,杭州,12
小米 智能手机 X5,4771,3316,2024/8/10,智能手机,小米,7125.67,33.04,265,81.43,武汉,6
戴尔 智能手机 X8,5740,45476,2024/11/9,智能手机,戴尔,7420.61,22.65,186,95.08,上海,24
小米 投影仪 X6,931,2915,2024/7/11,投影仪,小米,1008.16,7.65,585,92.02,上海,12
苹果 平板电脑 X4,1942,8458,2024/8/17,平板电脑,苹果,2396.85,18.98,897,89.56,北京,24
三星 电视 X5,3091,772,2024/11/9,电视,三星,4288.38,27.92,62,92.6,北京,18
戴尔 智能手机 X9,9159,36931,2024/9/2,智能手机,戴尔,12313.47,25.62,22,92.17,深圳,24
联想 耳机 X5,839,1788,2024/12/24,耳机,联想,1258.07,33.31,438,88.05,广州,6
小米 耳机 X7,412,2430,2024/3/11,耳机,小米,570.46,27.78,578,83.93,杭州,24
海尔 耳机 X4,632,1146,2024/10/27,耳机,海尔,726.07,12.96,29,84.72,杭州,6
苹果 耳机 X9,217,1511,2024/4/30,耳机,苹果,271.16,19.97,291,92.33,成都,12
华为 投影仪 X8,6616,3836,2025/1/7,投影仪,华为,9197.81,28.07,72,93.77,杭州,6
OPPO 电视 X9,8789,4201,2024/9/19,电视,OPPO,9788.53,10.21,680,90.75,杭州,6
索尼 智能穿戴 X4,237,4363,2024/5/26,智能穿戴,索尼,306.57,22.69,297,94.2,杭州,12
飞利浦 智能穿戴 X6,666,447,2024/3/14,智能穿戴,飞利浦,766.37,13.1,220,84.46,广州,24
小米 电视 X3,11106,8459,2024/7/31,电视,小米,11658.01,4.74,550,97.01,杭州,18
戴尔 耳机 X2,265,2058,2024/12/30,耳机,戴尔,282.6,6.23,466,91.9,广州,12
三星 投影仪 X2,6907,1676,2024/8/20,投影仪,三星,9266.34,25.46,743,95.04,上海,24
苹果 笔记本电脑 X7,18415,19140,2024/12/2,笔记本电脑,苹果,24006.34,23.29,609,83.18,成都,18
戴尔 智能穿戴 X4,516,416,2024/11/25,智能穿戴,戴尔,751.52,31.34,363,82.54,广州,18
飞利浦 电视 X1,7023,6456,2024/8/21,电视,飞利浦,9428.6,25.51,631,97.14,成都,18
小米 投影仪 X3,2641,417,2025/1/26,投影仪,小米,3437.95,23.18,659,81.87,北京,24
OPPO 笔记本电脑 X9,3681,14715,2024/5/22,笔记本电脑,OPPO,4511.03,18.4,519,97.02,深圳,24
索尼 平板电脑 X3,794,4639,2024/6/1,平板电脑,索尼,1021.86,22.3,384,83.48,广州,18
联想 智能手机 X2,7957,22645,2024/6/16,智能手机,联想,8704.73,8.59,552,83.39,杭州,18
华为 耳机 X8,544,2722,2024/6/20,耳机,华为,661.34,17.74,629,82.66,深圳,6
飞利浦 投影仪 X4,4509,4592,2024/7/7,投影仪,飞利浦,4702.22,4.11,234,93.39,广州,12
索尼 电视 X10,13190,6918,2024/5/23,电视,索尼,19489.55,32.32,372,94.58,成都,6
联想 电视 X2,1017,5481,2024/9/29,电视,联想,1062.55,4.29,100,83.61,北京,6
三星 平板电脑 X3,7981,8938,2024/5/13,平板电脑,三星,8294.06,3.77,815,95.74,深圳,6
苹果 耳机 X7,756,58,2024/5/25,耳机,苹果,777.14,2.72,258,84.6,武汉,12
戴尔 智能手机 X8,7523,30822,2024/11/4,智能手机,戴尔,8006.13,6.03,912,92.58,深圳,24
苹果 投影仪 X10,9929,3972,2024/9/9,投影仪,苹果,10384.97,4.39,949,84.8,北京,18
三星 智能家居 X8,1617,2672,2024/10/12,智能家居,三星,2269.04,28.74,491,84.56,上海,18
OPPO 智能家居 X5,3292,2420,2024/9/15,智能家居,OPPO,4792.3,31.31,754,87.85,杭州,24
苹果 耳机 X4,806,974,2024/5/19,耳机,苹果,941.53,14.39,129,97.02,广州,18
联想 平板电脑 X2,5805,4476,2024/11/15,平板电脑,联想,6729.4,13.74,327,90.27,北京,6
苹果 耳机 X10,817,2724,2024/10/6,耳机,苹果,885.36,7.72,430,85.14,深圳,24
海尔 笔记本电脑 X3,15288,16892,2024/4/25,笔记本电脑,海尔,17515.97,12.72,994,92.4,上海,12
三星 智能穿戴 X10,457,946,2024/9/13,智能穿戴,三星,540.09,15.38,932,85.3,广州,6
戴尔 笔记本电脑 X8,15754,4333,2025/2/7,笔记本电脑,戴尔,17385.28,9.38,833,95.96,杭州,12
华为 智能家居 X4,1295,1806,2024/10/13,智能家居,华为,1463.84,11.53,78,80.01,北京,6
苹果 投影仪 X2,2843,799,2024/9/10,投影仪,苹果,3842.15,26,946,88.43,杭州,12
华为 笔记本电脑 X4,14788,13372,2024/11/28,笔记本电脑,华为,17763.23,16.75,898,83.91,武汉,12
华为 电视 X5,10378,8170,2024/12/19,电视,华为,10929.62,5.05,326,92.23,广州,6
OPPO 智能家居 X10,2300,2587,2024/10/4,智能家居,OPPO,2777.37,17.19,353,92.44,北京,18
海尔 智能穿戴 X2,777,4849,2024/7/25,智能穿戴,海尔,809.51,4.02,800,98.31,杭州,12
苹果 电视 X4,4438,9612,2024/2/14,电视,苹果,5758.45,22.93,22,85.32,杭州,12
联想 智能手机 X2,2762,45423,2024/5/3,智能手机,联想,2836.9,2.64,596,85.15,北京,24
联想 电视 X2,5160,4062,2024/11/25,电视,联想,7078.71,27.11,823,86.08,广州,6
索尼 笔记本电脑 X1,3481,16149,2025/1/19,笔记本电脑,索尼,4649.42,25.13,550,86.85,杭州,6
三星 笔记本电脑 X9,17534,8275,2024/2/17,笔记本电脑,三星,22928.03,23.53,416,84,广州,24
飞利浦 电视 X4,1464,4603,2024/11/27,电视,飞利浦,1992.55,26.53,255,86.21,武汉,18
三星 智能手机 X10,7026,16978,2024/4/27,智能手机,三星,10372.7,32.26,849,88.54,杭州,6
华为 笔记本电脑 X7,6920,6794,2024/6/26,笔记本电脑,华为,10106.72,31.53,607,81.74,广州,6
苹果 智能家居 X2,1142,2460,2024/11/9,智能家居,苹果,1317.28,13.31,937,89.31,杭州,18
小米 投影仪 X2,2641,4473,2024/2/27,投影仪,小米,2967.47,11,228,89.8,成都,6
小米 笔记本电脑 X2,12018,8289,2024/5/22,笔记本电脑,小米,17911.32,32.9,213,82.54,北京,24
三星 电视 X4,14319,9891,2024/8/18,电视,三星,20799.8,31.16,977,97.95,杭州,6
小米 耳机 X4,455,1235,2024/12/14,耳机,小米,545.83,16.64,512,93.77,深圳,12
苹果 耳机 X2,366,1924,2024/5/3,耳机,苹果,448.95,18.48,829,92.8,杭州,24
苹果 智能手机 X6,3252,44958,2024/12/9,智能手机,苹果,4357.81,25.38,203,91.91,深圳,18
飞利浦 平板电脑 X8,7739,533,2024/9/12,平板电脑,飞利浦,9990.81,22.54,587,96.66,成都,6
苹果 投影仪 X6,5629,1675,2024/11/13,投影仪,苹果,6929.99,18.77,14,82.74,深圳,6
华为 电视 X9,11569,9067,2025/2/6,电视,华为,17029.51,32.07,148,81.43,广州,24
华为 笔记本电脑 X4,15710,13905,2025/1/28,笔记本电脑,华为,19461.48,19.28,806,91.12,武汉,12
戴尔 智能穿戴 X2,499,4205,2024/9/4,智能穿戴,戴尔,671.32,25.67,695,89.75,成都,18
飞利浦 平板电脑 X6,555,8538,2024/9/10,平板电脑,飞利浦,605.41,8.33,873,94.8,深圳,12
飞利浦 投影仪 X9,4750,2137,2024/8/23,投影仪,飞利浦,5389.18,11.86,771,87.94,上海,12
华为 智能手机 X1,3240,18843,2024/2/29,智能手机,华为,3616.03,10.4,694,88.16,上海,18
华为 投影仪 X10,8152,2841,2024/10/11,投影仪,华为,8460.38,3.65,471,80.41,上海,6
索尼 平板电脑 X5,1153,4828,2024/4/12,平板电脑,索尼,1558.54,26.02,893,91.6,成都,12
戴尔 笔记本电脑 X3,3907,14858,2025/1/14,笔记本电脑,戴尔,5230.63,25.31,399,83.5,北京,18
小米 智能手机 X10,6061,17830,2024/3/3,智能手机,小米,7479.57,18.97,511,83.53,北京,6
飞利浦 电视 X10,11090,9591,2024/9/24,电视,飞利浦,12983.58,14.58,665,82.3,广州,24
华为 智能家居 X7,128,1561,2024/9/23,智能家居,华为,146.52,12.64,765,86.93,广州,18
联想 投影仪 X4,9833,1752,2024/7/1,投影仪,联想,12628.96,22.14,799,96.94,成都,24
索尼 投影仪 X7,2346,705,2024/3/31,投影仪,索尼,3448.78,31.98,965,86.25,杭州,6
OPPO 智能手机 X9,1960,34083,2024/9/19,智能手机,OPPO,2198.09,10.83,228,87.74,北京,12
华为 智能家居 X8,4045,930,2024/7/22,智能家居,华为,4978.56,18.75,769,88.58,上海,12
戴尔 智能穿戴 X5,690,4725,2024/11/23,智能穿戴,戴尔,1020.08,32.36,771,98.53,广州,24
OPPO 智能手机 X8,4722,41460,2024/2/22,智能手机,OPPO,6308.89,25.15,675,98.24,广州,12
小米 智能穿戴 X1,854,3782,2024/8/3,智能穿戴,小米,1155.92,26.12,80,80.23,成都,6
三星 智能手机 X2,2144,32646,2024/4/1,智能手机,三星,2376.69,9.79,789,88.26,武汉,6
飞利浦 智能家居 X10,2424,2674,2024/11/24,智能家居,飞利浦,2949.43,17.81,526,83.3,深圳,12
戴尔 笔记本电脑 X9,6592,3697,2024/3/23,笔记本电脑,戴尔,7178.07,8.16,496,89.11,成都,24
小米 电视 X8,6848,414,2024/12/20,电视,小米,10010.7,31.59,21,89.84,上海,18
小米 耳机 X1,292,1593,2024/3/12,耳机,小米,415,29.64,622,91.08,武汉,12
苹果 智能家居 X9,4718,2581,2024/3/21,智能家居,苹果,6038.13,21.86,877,94.94,成都,6
三星 耳机 X10,427,1947,2024/9/14,耳机,三星,526.07,18.83,622,95.54,成都,24
小米 笔记本电脑 X5,7422,8889,2024/7/30,笔记本电脑,小米,10237.62,27.5,48,89.97,深圳,18
海尔 耳机 X3,356,2795,2024/12/1,耳机,海尔,404.37,11.96,368,95.27,深圳,12
联想 智能手机 X10,6438,37527,2024/5/1,智能手机,联想,8076.87,20.29,654,85.93,广州,24
小米 笔记本电脑 X1,12893,13221,2024/12/27,笔记本电脑,小米,13545.88,4.82,915,90.88,杭州,6
小米 耳机 X3,570,307,2024/12/9,耳机,小米,648.79,12.14,410,95.96,深圳,6
戴尔 平板电脑 X4,1439,4728,2024/4/8,平板电脑,戴尔,1724.16,16.54,690,97.69,杭州,18
OPPO 耳机 X1,88,2111,2024/8/11,耳机,OPPO,105.92,16.92,983,89.77,武汉,6
索尼 智能穿戴 X2,504,767,2024/10/14,智能穿戴,索尼,727.2,30.69,171,91.02,北京,12
索尼 电视 X7,7127,7001,2024/12/1,电视,索尼,8700.69,18.09,912,86.06,深圳,12
三星 智能家居 X4,3972,1898,2024/11/21,智能家居,三星,5350.12,25.76,605,96.87,杭州,24
戴尔 电视 X1,5696,3545,2024/11/27,电视,戴尔,6574.55,13.36,475,90.88,成都,12
海尔 笔记本电脑 X5,14899,14469,2024/8/15,笔记本电脑,海尔,16456.22,9.46,489,95.23,武汉,12
戴尔 平板电脑 X4,5580,7758,2024/4/26,平板电脑,戴尔,7520.93,25.81,947,83.52,杭州,6
三星 智能手机 X10,8110,41630,2024/11/1,智能手机,三星,10413.32,22.12,307,94.1,深圳,24
小米 智能手机 X4,1673,7447,2024/12/16,智能手机,小米,2006.1,16.6,250,90.93,武汉,18
海尔 平板电脑 X5,3435,4431,2024/7/30,平板电脑,海尔,4141.87,17.07,968,97.58,北京,12
海尔 笔记本电脑 X6,16913,17770,2024/8/18,笔记本电脑,海尔,22939.37,26.27,643,89.56,深圳,12
小米 智能家居 X6,2825,684,2024/2/29,智能家居,小米,2830.51,0.19,128,91.81,广州,6
联想 智能穿戴 X10,818,4407,2024/10/31,智能穿戴,联想,901.67,9.28,334,91.8,广州,18
海尔 电视 X2,10246,7332,2024/10/15,电视,海尔,14146.98,27.57,587,91.14,武汉,6
华为 智能手机 X5,6713,32732,2024/9/5,智能手机,华为,8369.53,19.79,995,94.84,成都,24
三星 耳机 X7,612,2267,2024/3/15,耳机,三星,916.4,33.22,484,88,广州,6
华为 智能手机 X8,6188,44945,2024/8/3,智能手机,华为,6919.74,10.57,486,81.43,深圳,24
华为 智能家居 X3,4488,83,2024/9/26,智能家居,华为,5392.91,16.78,535,96.04,武汉,12
飞利浦 耳机 X6,543,712,2024/8/24,耳机,飞利浦,587.46,7.57,32,80.02,上海,12
飞利浦 电视 X2,12029,5212,2024/6/21,电视,飞利浦,12236.53,1.7,748,93.16,武汉,6
华为 笔记本电脑 X8,16735,1787,2024/7/23,笔记本电脑,华为,22653.82,26.13,559,98.5,武汉,24
小米 电视 X3,14540,1303,2024/9/9,电视,小米,17102,14.98,383,92.07,成都,12
索尼 智能穿戴 X10,399,1559,2024/3/28,智能穿戴,索尼,547.3,27.1,846,97.39,广州,18
华为 耳机 X1,699,2659,2024/8/10,耳机,华为,966.45,27.67,546,89.5,深圳,24
飞利浦 平板电脑 X1,2777,2658,2024/9/12,平板电脑,飞利浦,3789.84,26.73,712,83.41,广州,12
海尔 平板电脑 X7,7594,8013,2024/5/20,平板电脑,海尔,8263.57,8.1,890,90.15,深圳,24
索尼 平板电脑 X8,7840,9085,2024/7/27,平板电脑,索尼,9813.98,20.11,666,87.24,成都,6
苹果 笔记本电脑 X8,16760,6951,2024/9/21,笔记本电脑,苹果,17215.53,2.65,893,98.29,武汉,18
索尼 耳机 X4,407,829,2024/10/24,耳机,索尼,581.13,29.96,611,80.74,杭州,18
索尼 电视 X10,3796,9903,2024/11/30,电视,索尼,5670.59,33.06,891,95.33,武汉,6
飞利浦 电视 X7,4286,6667,2025/2/4,电视,飞利浦,5774.21,25.77,711,90.42,武汉,12
三星 笔记本电脑 X3,9524,18860,2024/7/4,笔记本电脑,三星,13106.19,27.33,320,93.51,成都,12
戴尔 智能穿戴 X9,901,1700,2024/5/6,智能穿戴,戴尔,1210.2,25.55,505,84.11,武汉,24
OPPO 智能手机 X5,1889,4082,2024/9/3,智能手机,OPPO,1974.17,4.31,882,90.72,北京,6
戴尔 电视 X4,4365,2137,2024/3/24,电视,戴尔,6418.2,31.99,297,86.26,广州,18
戴尔 笔记本电脑 X2,10396,3598,2024/4/17,笔记本电脑,戴尔,15236.28,31.77,771,80.31,杭州,24
OPPO 耳机 X2,741,1253,2024/10/30,耳机,OPPO,946.8,21.74,657,83.57,上海,6
苹果 耳机 X9,150,1045,2025/2/2,耳机,苹果,166.61,9.97,639,90.84,深圳,24
飞利浦 智能穿戴 X8,858,3637,2024/3/24,智能穿戴,飞利浦,1231.76,30.34,943,90.7,广州,6
三星 笔记本电脑 X7,18591,17558,2024/10/3,笔记本电脑,三星,24678.73,24.67,512,88.45,成都,18
索尼 智能穿戴 X8,360,4912,2025/1/9,智能穿戴,索尼,482.24,25.35,311,85.72,杭州,12
海尔 耳机 X3,885,2115,2024/2/13,耳机,海尔,955.85,7.41,450,92.81,深圳,6
飞利浦 电视 X2,14027,2837,2024/7/31,电视,飞利浦,15995.78,12.31,24,82.98,广州,18
苹果 智能手机 X4,1111,31107,2024/5/6,智能手机,苹果,1422.54,21.9,205,98.11,深圳,24
索尼 投影仪 X5,1237,2639,2024/6/29,投影仪,索尼,1707.39,27.55,302,83.62,杭州,6
苹果 投影仪 X8,1361,4615,2025/2/7,投影仪,苹果,1938.29,29.78,939,88.74,深圳,6
飞利浦 笔记本电脑 X2,9575,12741,2024/9/9,笔记本电脑,飞利浦,13422.99,28.67,137,94.14,杭州,18
海尔 笔记本电脑 X4,13126,6385,2025/1/8,笔记本电脑,海尔,15314.1,14.29,162,92.81,杭州,18
小米 智能穿戴 X8,439,3990,2025/2/7,智能穿戴,小米,524.18,16.25,463,98.81,武汉,18
索尼 电视 X5,7480,4042,2024/10/31,电视,索尼,8042.28,6.99,243,90.4,广州,6
三星 平板电脑 X3,7920,8633,2024/9/5,平板电脑,三星,8667.57,8.62,580,98.25,广州,24
海尔 电视 X4,13653,2597,2024/10/22,电视,海尔,17861.24,23.56,670,88.33,深圳,18
小米 平板电脑 X7,2346,627,2024/2/21,平板电脑,小米,2766.34,15.19,866,87.72,成都,24
索尼 智能家居 X5,2603,1740,2024/6/15,智能家居,索尼,3414.94,23.78,594,82.43,北京,6
索尼 智能穿戴 X2,119,811,2024/6/2,智能穿戴,索尼,135.05,11.88,949,86.54,深圳,6
华为 智能家居 X8,3217,313,2024/11/22,智能家居,华为,3823.17,15.86,651,80.81,深圳,24
索尼 耳机 X1,136,425,2024/5/7,耳机,索尼,155.98,12.81,46,96.14,深圳,12
飞利浦 电视 X5,1798,429,2024/5/12,电视,飞利浦,1934.27,7.05,405,91.98,成都,6
OPPO 智能手机 X5,1203,16629,2024/3/8,智能手机,OPPO,1592.86,24.48,224,87.23,上海,6
华为 电视 X1,8741,1343,2024/5/3,电视,华为,10631.9,17.79,317,93.18,北京,6
联想 智能家居 X9,4792,283,2024/2/29,智能家居,联想,5171.78,7.34,149,88.76,成都,24
索尼 智能穿戴 X7,198,4551,2024/4/16,智能穿戴,索尼,253.81,21.99,62,84.84,上海,6
苹果 平板电脑 X10,4343,3816,2024/11/3,平板电脑,苹果,5162.48,15.87,421,82.89,深圳,24
海尔 笔记本电脑 X1,13323,10055,2025/1/2,笔记本电脑,海尔,14503.51,8.14,815,91.88,杭州,12
戴尔 智能家居 X8,1632,2536,2024/10/25,智能家居,戴尔,1734.53,5.91,205,96.89,广州,18
小米 投影仪 X10,4265,2861,2024/3/31,投影仪,小米,5048.71,15.52,545,87.5,广州,24
索尼 耳机 X9,762,248,2024/11/4,耳机,索尼,1067.39,28.61,821,92.4,深圳,24
戴尔 平板电脑 X6,5818,4033,2025/1/7,平板电脑,戴尔,6661.82,12.67,240,91.77,武汉,6
华为 电视 X4,10298,3665,2024/10/29,电视,华为,11602.59,11.24,396,80.66,北京,6
戴尔 投影仪 X6,7141,2986,2024/4/22,投影仪,戴尔,8220.77,13.13,876,85.4,上海,24
联想 电视 X3,10371,6890,2024/8/9,电视,联想,14431.7,28.14,875,85.77,上海,24
小米 电视 X6,2642,8911,2024/12/5,电视,小米,2805.78,5.84,747,95.14,上海,24
飞利浦 平板电脑 X4,3570,9571,2024/11/9,平板电脑,飞利浦,3990.03,10.53,868,97.96,武汉,18
小米 智能穿戴 X8,134,1755,2024/11/5,智能穿戴,小米,177.16,24.36,335,84.91,成都,6
华为 耳机 X3,406,2407,2024/4/2,耳机,华为,471.37,13.87,329,93.4,杭州,24
华为 耳机 X1,227,2350,2024/4/10,耳机,华为,277,18.05,723,95.42,武汉,18
小米 笔记本电脑 X8,16251,7357,2024/11/25,笔记本电脑,小米,22186.6,26.75,191,83.12,杭州,18
华为 智能家居 X7,2775,1429,2024/11/19,智能家居,华为,4053.05,31.53,268,93.1,广州,18
戴尔 智能手机 X7,4301,21248,2024/4/19,智能手机,戴尔,5125.74,16.09,445,95.6,广州,12
飞利浦 电视 X1,1808,6985,2024/10/13,电视,飞利浦,1923.22,5.99,73,96.32,武汉,24
苹果 笔记本电脑 X9,16163,12614,2024/3/5,笔记本电脑,苹果,23835.06,32.19,294,83.54,广州,12
戴尔 智能家居 X2,3746,2796,2024/3/6,智能家居,戴尔,5505.39,31.96,184,93.26,成都,18
苹果 投影仪 X8,2642,3583,2024/7/11,投影仪,苹果,3771.13,29.94,626,97.84,武汉,18
三星 电视 X10,8524,3571,2024/9/4,电视,三星,10852.81,21.46,371,98.3,杭州,6
华为 平板电脑 X2,1902,7659,2024/4/9,平板电脑,华为,2263.62,15.98,27,93.59,深圳,12
三星 耳机 X2,251,575,2024/11/1,耳机,三星,253.84,1.12,223,82.48,杭州,12
飞利浦 笔记本电脑 X7,10521,12243,2025/1/23,笔记本电脑,飞利浦,12065.08,12.8,824,86.88,北京,12
戴尔 耳机 X9,203,2931,2024/12/12,耳机,戴尔,233.73,13.15,703,98,武汉,6
飞利浦 智能穿戴 X1,772,4387,2024/12/22,智能穿戴,飞利浦,811.24,4.84,548,96.54,成都,24
飞利浦 智能穿戴 X4,313,2509,2024/2/28,智能穿戴,飞利浦,331.43,5.56,571,92.89,上海,12
海尔 电视 X7,11408,8588,2024/4/29,电视,海尔,16788.32,32.05,206,95.02,深圳,18
海尔 笔记本电脑 X7,5004,7466,2024/12/17,笔记本电脑,海尔,5321.59,5.97,898,91.37,北京,6
联想 电视 X6,11980,1666,2024/4/12,电视,联想,14270.76,16.05,928,95.13,杭州,24
华为 平板电脑 X7,3710,3250,2024/7/10,平板电脑,华为,4962.6,25.24,547,86.18,杭州,6
飞利浦 耳机 X3,652,1672,2024/3/17,耳机,飞利浦,854.32,23.68,638,88.88,杭州,12
华为 智能手机 X4,8442,47237,2024/11/8,智能手机,华为,10308.93,18.11,105,90.56,北京,6
戴尔 笔记本电脑 X2,17660,1341,2024/3/9,笔记本电脑,戴尔,24705.63,28.52,867,81.34,广州,18
小米 平板电脑 X3,2129,607,2024/10/24,平板电脑,小米,2624.93,18.89,765,89.44,成都,24
戴尔 电视 X9,1974,573,2024/3/29,电视,戴尔,2729.63,27.68,26,96.37,广州,24
戴尔 智能家居 X10,3714,1982,2024/3/1,智能家居,戴尔,5458.5,31.96,22,94.2,武汉,24
联想 电视 X5,9376,4925,2024/6/15,电视,联想,13433.09,30.2,913,90.83,杭州,12
华为 笔记本电脑 X10,16501,12644,2024/12/11,笔记本电脑,华为,19266.4,14.35,33,98.59,成都,24
飞利浦 投影仪 X8,2306,1553,2024/5/8,投影仪,飞利浦,2957.27,22.02,784,94.02,北京,18
三星 智能手机 X9,2605,44461,2024/7/6,智能手机,三星,2977.06,12.5,793,93.96,广州,24
飞利浦 投影仪 X6,1349,2403,2024/8/14,投影仪,飞利浦,1877.94,28.17,522,84.42,成都,24
飞利浦 智能家居 X4,327,2328,2024/9/28,智能家居,飞利浦,442.52,26.11,392,95.58,武汉,24
OPPO 智能穿戴 X7,782,4326,2024/3/9,智能穿戴,OPPO,890.73,12.21,466,94.67,深圳,12
索尼 平板电脑 X4,6975,1401,2024/3/31,平板电脑,索尼,10363.32,32.7,506,80.5,杭州,24
索尼 投影仪 X2,8041,1750,2024/8/13,投影仪,索尼,9989.45,19.51,534,89.31,广州,18
小米 智能手机 X6,2131,10227,2024/6/27,智能手机,小米,2600.95,18.07,926,91.49,广州,18
小米 智能家居 X8,574,331,2024/4/17,智能家居,小米,831.51,30.97,242,97.12,成都,6
飞利浦 投影仪 X9,5409,3208,2024/4/25,投影仪,飞利浦,7724.49,29.98,466,86.02,北京,24
索尼 智能家居 X5,1068,2925,2024/12/20,智能家居,索尼,1253.29,14.78,357,86.16,深圳,24
戴尔 投影仪 X9,9383,3655,2024/3/24,投影仪,戴尔,13149.91,28.65,610,95.09,上海,12
小米 智能家居 X3,2470,2237,2024/3/10,智能家居,小米,2863.2,13.73,449,84.07,北京,6
华为 耳机 X2,987,173,2024/12/20,耳机,华为,1037.6,4.88,500,84.87,北京,12
飞利浦 笔记本电脑 X7,15889,18449,2024/11/30,笔记本电脑,飞利浦,21905.72,27.47,638,98.69,北京,24
索尼 耳机 X7,370,1841,2024/7/24,耳机,索尼,533.69,30.67,380,83.98,杭州,18
联想 智能手机 X2,9712,12074,2024/4/27,智能手机,联想,10760.13,9.74,826,82.88,深圳,12
索尼 智能穿戴 X2,848,4039,2024/12/13,智能穿戴,索尼,1049.07,19.17,183,80.99,北京,24
戴尔 智能家居 X4,3390,2410,2024/5/23,智能家居,戴尔,3912.91,13.36,817,89.2,上海,12
OPPO 平板电脑 X6,5158,6389,2024/4/6,平板电脑,OPPO,7406.34,30.36,214,86.36,杭州,24
华为 智能穿戴 X10,237,2230,2024/10/13,智能穿戴,华为,347.24,31.75,266,86.98,上海,12
飞利浦 电视 X5,3507,6588,2024/8/5,电视,飞利浦,4476.27,21.65,499,80.31,成都,24
飞利浦 耳机 X2,93,2709,2024/5/22,耳机,飞利浦,117.07,20.56,26,93.74,上海,6
小米 平板电脑 X1,4985,6827,2024/3/4,平板电脑,小米,7115.76,29.94,861,86.3,北京,6
飞利浦 智能手机 X8,8996,10948,2024/7/5,智能手机,飞利浦,11382.95,20.97,93,87.79,杭州,24
飞利浦 电视 X3,3105,9009,2024/11/21,电视,飞利浦,3751.1,17.22,213,92.35,武汉,12
海尔 耳机 X10,645,1844,2024/6/21,耳机,海尔,876.41,26.4,68,81.66,上海,12
海尔 投影仪 X2,7219,3004,2024/8/31,投影仪,海尔,7320.05,1.38,578,97.5,上海,12
索尼 笔记本电脑 X3,10002,9446,2024/10/15,笔记本电脑,索尼,11012.37,9.17,185,89.84,上海,24
戴尔 智能手机 X3,9523,20695,2024/5/9,智能手机,戴尔,13714.39,30.56,939,91.91,上海,24
苹果 投影仪 X1,8427,4132,2025/1/6,投影仪,苹果,10014.05,15.85,577,97.12,杭州,24
华为 智能手机 X1,9994,13470,2024/11/30,智能手机,华为,12428.07,19.59,827,82.44,武汉,18
海尔 耳机 X9,441,2619,2024/5/4,耳机,海尔,617.84,28.62,901,87.05,杭州,18
海尔 智能穿戴 X4,859,2441,2024/10/5,智能穿戴,海尔,1009.12,14.88,64,96.76,上海,18
华为 智能家居 X5,3980,2339,2025/1/22,智能家居,华为,4305.46,7.56,84,92,上海,24
三星 耳机 X7,382,2221,2024/9/17,耳机,三星,401.92,4.96,185,98.96,成都,6
联想 智能手机 X8,9259,6405,2025/1/31,智能手机,联想,9752.25,5.06,341,95.65,成都,24
戴尔 笔记本电脑 X3,9182,12407,2024/5/14,笔记本电脑,戴尔,9611.9,4.47,60,93.59,北京,6
飞利浦 投影仪 X8,4909,3368,2024/9/15,投影仪,飞利浦,6623.11,25.88,200,85.92,广州,12
联想 笔记本电脑 X9,16439,11942,2024/2/19,笔记本电脑,联想,18749.09,12.32,773,84.23,成都,12
三星 平板电脑 X10,3765,4977,2024/9/6,平板电脑,三星,5447.01,30.88,756,96.67,广州,12
华为 电视 X9,2394,929,2024/4/17,电视,华为,3005.95,20.36,835,89.09,武汉,18
OPPO 电视 X3,14957,2441,2024/10/6,电视,OPPO,19668.25,23.95,199,94.34,武汉,6
飞利浦 智能手机 X8,2945,42434,2024/10/26,智能手机,飞利浦,3552.1,17.09,249,95.95,杭州,12
三星 耳机 X7,472,1859,2025/2/2,耳机,三星,476.25,0.89,305,97.14,上海,6
小米 耳机 X7,783,2115,2024/12/11,耳机,小米,1040.26,24.73,168,81.28,深圳,18
OPPO 平板电脑 X8,2622,3278,2024/12/26,平板电脑,OPPO,2837.13,7.58,74,89.17,成都,6
华为 耳机 X4,62,99,2024/12/13,耳机,华为,77.7,20.21,616,81.93,广州,24
索尼 投影仪 X10,6418,971,2024/11/21,投影仪,索尼,8618.86,25.54,518,88.31,武汉,6
飞利浦 智能穿戴 X6,639,3459,2024/4/13,智能穿戴,飞利浦,936.69,31.78,644,91.53,北京,24
小米 智能手机 X4,1962,3341,2024/9/19,智能手机,小米,2298.76,14.65,163,85.44,广州,18
飞利浦 笔记本电脑 X8,17392,12244,2025/1/16,笔记本电脑,飞利浦,20072.36,13.35,681,97.96,广州,6
OPPO 笔记本电脑 X2,17408,7708,2024/9/5,笔记本电脑,OPPO,20626.33,15.6,82,80.5,深圳,12
华为 智能家居 X3,293,1082,2024/10/12,智能家居,华为,406.97,28.01,774,84.02,杭州,18
三星 笔记本电脑 X4,3302,11454,2024/11/19,笔记本电脑,三星,4179.97,21,30,82.43,杭州,24
苹果 智能手机 X2,6459,23598,2024/6/27,智能手机,苹果,8310.61,22.28,368,91.22,杭州,6
小米 投影仪 X7,1757,3024,2024/3/23,投影仪,小米,2083.23,15.66,747,97.15,杭州,6
华为 投影仪 X2,1988,1557,2024/4/13,投影仪,华为,1993.96,0.3,514,96.22,深圳,12
华为 智能手机 X8,6058,6081,2024/9/25,智能手机,华为,8605.76,29.61,428,97.46,广州,18
小米 电视 X2,14480,5356,2024/5/10,电视,小米,14504.97,0.17,243,97.67,武汉,6
苹果 智能家居 X3,2806,2533,2024/4/17,智能家居,苹果,3377.21,16.91,790,90.8,上海,6
OPPO 平板电脑 X1,2840,8206,2025/1/14,平板电脑,OPPO,3183.98,10.8,569,91.82,深圳,12
飞利浦 笔记本电脑 X8,7323,13212,2024/12/5,笔记本电脑,飞利浦,10142.24,27.8,864,80.92,武汉,6
小米 平板电脑 X4,4605,995,2024/10/17,平板电脑,小米,4701.8,2.06,993,87.67,深圳,12
OPPO 智能穿戴 X10,574,4103,2024/4/17,智能穿戴,OPPO,771.34,25.58,93,88.7,广州,24
飞利浦 笔记本电脑 X6,3664,13231,2025/1/29,笔记本电脑,飞利浦,4516.21,18.87,719,93.75,北京,12
华为 耳机 X4,871,2984,2024/6/9,耳机,华为,1218.9,28.54,670,88.43,武汉,12
OPPO 笔记本电脑 X2,12686,18468,2025/1/14,笔记本电脑,OPPO,13359.45,5.04,532,92.18,杭州,18
海尔 智能穿戴 X7,744,3866,2024/5/21,智能穿戴,海尔,818.39,9.09,107,92.51,武汉,12
海尔 平板电脑 X4,6965,5180,2024/9/3,平板电脑,海尔,7162.17,2.75,560,82.91,深圳,24
戴尔 投影仪 X10,9053,3880,2024/4/28,投影仪,戴尔,9486.92,4.57,97,88.46,北京,18
华为 智能穿戴 X4,629,3176,2024/3/16,智能穿戴,华为,827.16,23.96,489,87.5,成都,12
三星 平板电脑 X5,1206,3201,2024/9/8,平板电脑,三星,1607.81,24.99,418,95.47,成都,6
小米 笔记本电脑 X3,18643,9183,2024/4/20,笔记本电脑,小米,21033.14,11.36,134,80.82,武汉,6
联想 智能穿戴 X1,292,2307,2025/2/8,智能穿戴,联想,340.7,14.29,443,91.89,深圳,18
华为 平板电脑 X3,1896,775,2024/4/17,平板电脑,华为,2564.9,26.08,701,80.47,成都,24
小米 耳机 X6,766,496,2024/5/15,耳机,小米,800.79,4.34,543,80.36,广州,24
飞利浦 耳机 X4,610,1264,2024/10/7,耳机,飞利浦,817.57,25.39,583,93.02,武汉,12
索尼 智能手机 X7,2793,44747,2024/9/22,智能手机,索尼,2835.2,1.49,786,85.08,北京,12
小米 投影仪 X4,5603,3404,2024/6/6,投影仪,小米,6724.64,16.68,758,80.36,武汉,24
戴尔 智能手机 X1,7132,34527,2025/1/12,智能手机,戴尔,10499.9,32.08,720,82.36,北京,24
小米 平板电脑 X8,1146,8876,2024/6/28,平板电脑,小米,1692.67,32.3,557,94.62,北京,12
海尔 电视 X5,4355,272,2024/12/21,电视,海尔,5099.21,14.59,311,98.44,上海,18
OPPO 平板电脑 X10,3486,9847,2024/8/11,平板电脑,OPPO,4519.32,22.86,171,98.55,上海,24
索尼 电视 X3,2291,4310,2024/6/2,电视,索尼,2350.92,2.55,579,93.09,武汉,12
苹果 耳机 X3,718,2858,2024/12/13,耳机,苹果,1073.78,33.13,492,86.35,深圳,18
OPPO 电视 X7,4143,8091,2024/6/18,电视,OPPO,5336.8,22.37,292,84.77,广州,6
苹果 投影仪 X5,1959,3821,2024/6/4,投影仪,苹果,2607.41,24.87,404,96.39,杭州,24
苹果 智能穿戴 X5,252,1324,2024/10/19,智能穿戴,苹果,367.22,31.38,722,88.04,成都,18
华为 智能家居 X4,1635,2645,2024/4/29,智能家居,华为,1649.87,0.9,711,93.14,北京,18
OPPO 电视 X5,12446,7476,2024/11/10,电视,OPPO,14174.99,12.2,959,93.28,成都,18
小米 智能手机 X8,2270,25788,2024/10/4,智能手机,小米,2403.04,5.54,737,96.4,成都,12
戴尔 智能家居 X9,2925,1745,2024/10/27,智能家居,戴尔,3991.17,26.71,251,95.52,广州,18
联想 投影仪 X8,8407,923,2024/3/3,投影仪,联想,10107.69,16.83,169,88.19,成都,6
戴尔 智能手机 X7,9207,17230,2024/7/8,智能手机,戴尔,10786.7,14.64,569,90.25,上海,18
小米 耳机 X8,560,1457,2025/1/31,耳机,小米,634.04,11.68,501,96.25,武汉,12
小米 投影仪 X10,5419,1549,2024/11/29,投影仪,小米,6330.11,14.39,251,88.8,上海,6
苹果 智能手机 X7,4856,4478,2024/4/20,智能手机,苹果,6515.84,25.47,791,89.07,北京,18
海尔 笔记本电脑 X9,18231,851,2024/8/19,笔记本电脑,海尔,23477.7,22.35,990,94.99,杭州,12
索尼 耳机 X9,187,1015,2024/11/2,耳机,索尼,241,22.41,626,88.73,北京,24
苹果 笔记本电脑 X3,7057,13660,2025/1/29,笔记本电脑,苹果,7464.13,5.45,82,81.46,杭州,24
三星 耳机 X4,283,376,2024/5/13,耳机,三星,385.35,26.56,413,96.69,广州,6
小米 智能穿戴 X4,687,4535,2024/7/20,智能穿戴,小米,1003.49,31.54,821,94.52,武汉,12
戴尔 平板电脑 X8,7372,5071,2024/4/1,平板电脑,戴尔,10990.35,32.92,848,87.86,上海,6
戴尔 智能家居 X3,2432,1944,2024/12/7,智能家居,戴尔,2831.65,14.11,215,82.37,广州,18
苹果 智能穿戴 X4,979,2261,2024/11/29,智能穿戴,苹果,1011.36,3.2,409,94.66,成都,24
索尼 笔记本电脑 X8,5423,5598,2024/4/26,笔记本电脑,索尼,5457.95,0.64,290,96.31,上海,18
联想 平板电脑 X9,6181,5953,2024/5/8,平板电脑,联想,7309.77,15.44,564,84.46,广州,24
小米 智能穿戴 X7,671,481,2024/9/3,智能穿戴,小米,850.05,21.06,53,90.24,深圳,12
海尔 笔记本电脑 X5,8775,17975,2024/6/28,笔记本电脑,海尔,10727.81,18.2,666,90.82,上海,12
索尼 智能穿戴 X8,422,2690,2024/5/19,智能穿戴,索尼,522.43,19.22,964,94.52,成都,12
索尼 智能手机 X8,7081,29909,2024/9/22,智能手机,索尼,9140.82,22.53,454,98.09,成都,12
苹果 智能穿戴 X7,191,1367,2024/6/19,智能穿戴,苹果,198.67,3.86,29,91.15,成都,12
苹果 耳机 X6,423,1937,2024/7/2,耳机,苹果,574.38,26.36,939,86.83,杭州,12
联想 笔记本电脑 X9,16444,16724,2024/6/14,笔记本电脑,联想,19705.69,16.55,22,80.87,北京,24
海尔 投影仪 X6,9581,2783,2025/1/19,投影仪,海尔,11990.75,20.1,48,90.54,杭州,18
华为 电视 X6,3402,7284,2024/10/23,电视,华为,3735.22,8.92,320,84.95,广州,12
戴尔 智能穿戴 X7,574,1296,2024/6/18,智能穿戴,戴尔,629.81,8.86,549,80.32,北京,6
联想 平板电脑 X9,7944,6424,2024/11/16,平板电脑,联想,9664,17.8,497,89.28,武汉,18
小米 笔记本电脑 X3,6320,1589,2024/11/18,笔记本电脑,小米,6456.79,2.12,28,87.21,北京,18
OPPO 智能家居 X6,3164,2012,2024/7/29,智能家居,OPPO,3495.62,9.49,335,82.01,上海,18
OPPO 笔记本电脑 X9,13628,11266,2024/4/25,笔记本电脑,OPPO,17355.4,21.48,415,87.59,北京,24
海尔 笔记本电脑 X2,18464,19951,2024/11/6,笔记本电脑,海尔,22464.35,17.81,432,93.4,武汉,24
小米 耳机 X4,128,2913,2024/3/7,耳机,小米,151.1,15.29,174,84.05,成都,18
三星 投影仪 X8,2577,321,2024/8/1,投影仪,三星,2904.16,11.27,442,88.01,广州,12
三星 智能手机 X1,4636,35132,2024/9/22,智能手机,三星,6751.43,31.33,100,97.35,武汉,6
飞利浦 投影仪 X7,2926,3957,2024/12/8,投影仪,飞利浦,3662.86,20.12,777,81.91,武汉,6
联想 智能家居 X2,2835,899,2024/3/14,智能家居,联想,3728.7,23.97,904,89.35,深圳,12
OPPO 智能穿戴 X1,865,4918,2024/12/31,智能穿戴,OPPO,1168.38,25.97,763,95.35,武汉,18
海尔 智能家居 X9,3393,2573,2024/5/4,智能家居,海尔,4819.19,29.59,681,85.72,上海,24
三星 笔记本电脑 X6,11365,7513,2024/10/17,笔记本电脑,三星,15805.59,28.1,769,98.66,深圳,24
戴尔 平板电脑 X10,2275,8875,2024/4/13,平板电脑,戴尔,2442.07,6.84,990,90.1,深圳,6
三星 智能穿戴 X9,829,1961,2024/2/26,智能穿戴,三星,1085.12,23.6,440,82.42,深圳,6
小米 电视 X6,7037,6693,2024/9/12,电视,小米,9721.75,27.62,148,88.67,成都,6
小米 平板电脑 X10,2336,2461,2024/10/15,平板电脑,小米,3095.13,24.53,152,94.28,北京,18
索尼 耳机 X9,585,878,2024/12/21,耳机,索尼,856.31,31.68,488,87.16,成都,6
华为 笔记本电脑 X5,13045,14047,2024/9/11,笔记本电脑,华为,18263.35,28.57,631,84.09,成都,18
飞利浦 平板电脑 X9,4872,8010,2024/3/24,平板电脑,飞利浦,7255.81,32.85,895,98.2,成都,6
OPPO 投影仪 X6,4679,1109,2024/12/7,投影仪,OPPO,5517.54,15.2,288,90.07,上海,6
华为 耳机 X7,762,2860,2024/6/17,耳机,华为,840.89,9.38,363,98.58,成都,12
飞利浦 笔记本电脑 X10,8906,2724,2024/5/30,笔记本电脑,飞利浦,9872.93,9.79,21,83.85,武汉,18
海尔 平板电脑 X3,6694,1420,2024/9/24,平板电脑,海尔,9239.28,27.55,522,82.43,深圳,6
联想 平板电脑 X10,7880,8498,2024/6/19,平板电脑,联想,8894.66,11.41,936,94.85,武汉,24
飞利浦 笔记本电脑 X8,10946,11425,2025/1/1,笔记本电脑,飞利浦,13011.39,15.87,642,98.52,成都,24
联想 智能穿戴 X1,622,4076,2024/10/13,智能穿戴,联想,637.76,2.47,735,82.49,深圳,12
海尔 智能家居 X1,2108,1219,2024/4/1,智能家居,海尔,2927.08,27.98,990,89.56,广州,6
小米 平板电脑 X3,707,1425,2025/1/29,平板电脑,小米,1033.8,31.61,46,97.79,上海,18
戴尔 智能手机 X1,8784,33330,2024/6/1,智能手机,戴尔,12467.15,29.54,502,88.09,广州,18
OPPO 电视 X1,11243,4293,2024/7/19,电视,OPPO,11398.91,1.37,304,92.11,成都,18
飞利浦 智能家居 X8,1200,1235,2025/1/2,智能家居,飞利浦,1569.61,23.55,271,91.45,北京,18
三星 耳机 X8,118,949,2024/8/21,耳机,三星,132.48,10.93,470,89.69,深圳,18
OPPO 平板电脑 X10,3323,9882,2024/2/9,平板电脑,OPPO,4017.24,17.28,511,89.95,广州,12
索尼 投影仪 X8,898,4250,2025/1/21,投影仪,索尼,1331.54,32.56,113,88.85,广州,24
戴尔 耳机 X3,63,1862,2024/2/13,耳机,戴尔,86.42,27.1,798,80.39,广州,12
小米 投影仪 X6,2502,1935,2024/9/15,投影仪,小米,3135.81,20.21,893,89.14,上海,24
苹果 智能穿戴 X2,634,3626,2024/9/4,智能穿戴,苹果,740.73,14.41,984,91.44,深圳,6
三星 智能手机 X9,8349,13888,2024/5/20,智能手机,三星,10277.65,18.77,375,98.89,杭州,12
小米 智能家居 X6,2264,877,2025/1/15,智能家居,小米,2577.09,12.15,784,88.78,上海,12
飞利浦 电视 X5,12677,2551,2024/7/19,电视,飞利浦,17285.84,26.66,691,87.68,成都,24
华为 智能家居 X3,4874,1529,2024/6/3,智能家居,华为,7146.27,31.8,427,81.25,北京,24
OPPO 智能家居 X7,1699,1720,2025/1/9,智能家居,OPPO,1966.4,13.6,243,80.66,深圳,24
OPPO 智能家居 X9,1700,449,2025/2/6,智能家居,OPPO,2411.28,29.5,908,88.07,杭州,12
小米 笔记本电脑 X10,5268,3325,2024/5/25,笔记本电脑,小米,7635.91,31.01,303,89.49,成都,24
三星 智能手机 X6,5823,34075,2024/5/30,智能手机,三星,8543.17,31.84,939,80.83,北京,24
OPPO 智能穿戴 X4,176,4112,2024/2/26,智能穿戴,OPPO,192.38,8.51,118,97.49,成都,6
海尔 耳机 X7,147,2599,2024/8/28,耳机,海尔,210.02,30.01,767,95.5,上海,12
海尔 投影仪 X5,4578,679,2024/3/21,投影仪,海尔,5660.87,19.13,523,84.92,杭州,18
OPPO 平板电脑 X8,1166,1154,2024/9/10,平板电脑,OPPO,1302.89,10.51,995,88.2,上海,24
联想 笔记本电脑 X7,10277,16172,2024/5/6,笔记本电脑,联想,13355.16,23.05,594,98.81,成都,12
海尔 电视 X3,4707,2828,2024/10/1,电视,海尔,4876.09,3.47,604,82.02,北京,12
飞利浦 电视 X2,2773,314,2024/2/17,电视,飞利浦,4078.02,32,44,88.68,北京,6
索尼 智能家居 X10,2959,2719,2024/3/17,智能家居,索尼,3343.09,11.49,373,97.37,杭州,12
小米 耳机 X6,757,161,2024/7/4,耳机,小米,1134.2,33.26,81,93.41,杭州,24
苹果 投影仪 X7,8157,1062,2024/4/20,投影仪,苹果,8948.27,8.84,884,81.99,深圳,6
海尔 投影仪 X2,2760,3703,2025/1/13,投影仪,海尔,4098.07,32.65,198,94.38,深圳,12
索尼 智能手机 X5,9878,49739,2024/12/15,智能手机,索尼,13808.64,28.47,555,90.31,北京,18
华为 投影仪 X7,5057,3926,2024/2/12,投影仪,华为,6487.66,22.05,34,91.53,武汉,24
三星 智能家居 X2,3424,178,2024/5/15,智能家居,三星,4094.1,16.37,142,83.2,杭州,6
戴尔 投影仪 X10,6965,2979,2025/1/11,投影仪,戴尔,9093.32,23.41,826,83.72,广州,12
三星 智能家居 X2,4318,1157,2024/4/20,智能家居,三星,4331.97,0.32,928,89.01,深圳,18
小米 耳机 X5,899,1406,2024/7/16,耳机,小米,1208.76,25.63,785,85.49,北京,6
飞利浦 平板电脑 X1,2862,2320,2024/10/2,平板电脑,飞利浦,3887.24,26.37,741,89.06,杭州,12
小米 平板电脑 X3,3268,2713,2024/12/4,平板电脑,小米,3967.84,17.64,387,83.97,北京,24
三星 笔记本电脑 X8,9462,12327,2024/12/2,笔记本电脑,三星,12419.75,23.81,975,86.94,北京,12
索尼 投影仪 X10,4768,4639,2024/2/20,投影仪,索尼,5728.2,16.76,368,96.47,广州,12
海尔 平板电脑 X5,2734,4801,2024/7/6,平板电脑,海尔,3771.78,27.51,216,80.89,成都,6
小米 投影仪 X7,7269,2398,2025/1/29,投影仪,小米,9637.13,24.57,67,94.99,上海,12
苹果 笔记本电脑 X8,5730,17459,2024/9/9,笔记本电脑,苹果,7265.21,21.13,991,95.01,上海,6
飞利浦 平板电脑 X5,1444,971,2024/7/22,平板电脑,飞利浦,1778.06,18.79,217,83.71,杭州,24
海尔 投影仪 X2,4633,2932,2024/10/15,投影仪,海尔,6393.73,27.54,790,98.98,广州,6
小米 笔记本电脑 X7,8184,19986,2024/6/18,笔记本电脑,小米,8935.29,8.41,387,89.66,广州,24
海尔 电视 X9,10270,6497,2024/8/12,电视,海尔,15264.62,32.72,536,87.98,杭州,18
小米 投影仪 X6,6004,2801,2024/6/15,投影仪,小米,8129.99,26.15,86,81.71,武汉,12
苹果 投影仪 X3,5914,4208,2024/3/4,投影仪,苹果,7487.64,21.02,655,81.52,深圳,12
飞利浦 平板电脑 X3,1068,2226,2024/3/17,平板电脑,飞利浦,1094.64,2.43,137,82.09,深圳,6
海尔 耳机 X1,151,656,2024/6/14,耳机,海尔,156.02,3.22,409,96.13,深圳,6
小米 投影仪 X5,1536,1983,2024/8/29,投影仪,小米,2248.78,31.7,429,96.49,武汉,12
苹果 投影仪 X1,1622,371,2024/10/11,投影仪,苹果,1889.1,14.14,884,80.58,杭州,6
华为 智能家居 X9,784,1611,2024/4/24,智能家居,华为,1131.76,30.73,542,89.94,杭州,18
戴尔 投影仪 X3,9433,2936,2024/4/2,投影仪,戴尔,9534.84,1.07,34,80.63,武汉,6
联想 耳机 X6,806,2878,2025/1/9,耳机,联想,878.21,8.22,876,83.66,广州,6
飞利浦 平板电脑 X4,2374,8809,2024/5/22,平板电脑,飞利浦,3194.58,25.69,897,91,武汉,6
小米 平板电脑 X2,7363,4226,2024/4/14,平板电脑,小米,10094.06,27.06,362,84.88,杭州,24
海尔 投影仪 X3,2180,2757,2024/3/25,投影仪,海尔,3116.77,30.06,545,97.06,杭州,18
飞利浦 智能手机 X5,6435,28986,2024/5/23,智能手机,飞利浦,8123.47,20.79,249,92.99,广州,24
华为 电视 X6,7447,3245,2024/11/7,电视,华为,7745.05,3.85,503,97.15,广州,12
华为 平板电脑 X2,3940,5967,2024/5/20,平板电脑,华为,5888.03,33.08,327,98.52,武汉,24
三星 智能穿戴 X6,118,720,2024/10/8,智能穿戴,三星,166.71,29.22,697,95.22,广州,6
华为 笔记本电脑 X1,15549,11484,2024/10/11,笔记本电脑,华为,17632.45,11.82,602,87.86,杭州,24
戴尔 投影仪 X1,5222,3478,2024/4/10,投影仪,戴尔,7339.05,28.85,702,87.66,杭州,12
索尼 电视 X2,4162,5130,2025/1/21,电视,索尼,4640.93,10.32,148,86.99,杭州,24
戴尔 笔记本电脑 X1,15033,18010,2024/5/22,笔记本电脑,戴尔,20060.06,25.06,80,90.76,武汉,6
小米 耳机 X7,278,1768,2024/5/4,耳机,小米,358.15,22.38,521,82.66,深圳,6
OPPO 耳机 X1,920,2532,2024/12/18,耳机,OPPO,1293.62,28.88,762,93.14,上海,18
联想 智能手机 X1,6844,39450,2025/2/7,智能手机,联想,8242.93,16.97,798,94.33,广州,12
联想 平板电脑 X5,2850,5095,2024/3/7,平板电脑,联想,3158.98,9.78,541,82.44,深圳,18
苹果 智能手机 X2,1922,10551,2024/11/25,智能手机,苹果,2512.88,23.51,626,98.42,上海,12
戴尔 智能家居 X7,2533,2714,2024/7/20,智能家居,戴尔,3502.85,27.69,629,94.92,上海,18
联想 笔记本电脑 X9,8828,3528,2024/11/30,笔记本电脑,联想,9922.28,11.03,890,92.07,上海,24
索尼 智能家居 X3,1540,932,2024/6/28,智能家居,索尼,1590.16,3.15,231,81.63,成都,24
三星 智能家居 X8,351,2551,2024/3/28,智能家居,三星,436.54,19.59,354,82.78,上海,18
三星 平板电脑 X10,985,4625,2024/2/9,平板电脑,三星,1101.91,10.61,149,94.36,武汉,6
索尼 智能穿戴 X5,690,955,2025/1/8,智能穿戴,索尼,907.98,24.01,645,96.5,深圳,6
小米 智能穿戴 X4,147,4606,2024/7/22,智能穿戴,小米,218.05,32.59,500,97.34,深圳,18
戴尔 耳机 X2,292,1364,2024/5/23,耳机,戴尔,334.27,12.65,447,98.96,成都,12
三星 智能家居 X3,4381,940,2025/1/14,智能家居,三星,6571.26,33.33,52,87.89,杭州,6
联想 笔记本电脑 X4,8265,16354,2024/5/31,笔记本电脑,联想,8637.28,4.31,517,88.52,杭州,12
飞利浦 智能手机 X5,1529,13243,2024/11/9,智能手机,飞利浦,2190.17,30.19,674,84.05,上海,18
三星 平板电脑 X1,7321,7321,2024/8/6,平板电脑,三星,9876.21,25.87,589,92.22,杭州,24
联想 平板电脑 X9,6685,4672,2024/11/20,平板电脑,联想,9929.34,32.67,564,94.78,杭州,24
华为 智能穿戴 X2,376,3052,2024/9/28,智能穿戴,华为,460.6,18.37,571,87.2,广州,12
苹果 投影仪 X1,5727,1593,2024/11/23,投影仪,苹果,8405.38,31.87,982,86.11,杭州,24
OPPO 智能穿戴 X4,635,3015,2024/12/3,智能穿戴,OPPO,662.64,4.17,747,90.58,武汉,24
苹果 智能手机 X2,1079,29331,2024/5/12,智能手机,苹果,1245.12,13.34,70,87.08,成都,18
OPPO 智能家居 X4,3840,2802,2024/6/8,智能家居,OPPO,4839.42,20.65,667,91.79,北京,18
联想 电视 X10,13968,9038,2024/7/25,电视,联想,14800.66,5.63,602,98.75,武汉,12
飞利浦 平板电脑 X7,2307,5627,2024/7/17,平板电脑,飞利浦,3379.17,31.73,596,92.21,深圳,18
三星 智能家居 X6,824,1331,2025/1/2,智能家居,三星,972.73,15.29,446,83.62,杭州,12
飞利浦 电视 X7,1128,1124,2025/1/28,电视,飞利浦,1187.16,4.98,580,90.86,上海,24
联想 笔记本电脑 X9,7019,8571,2024/6/30,笔记本电脑,联想,7233.5,2.97,370,95.39,成都,18
华为 智能家居 X1,464,648,2024/9/18,智能家居,华为,572.83,19,923,91.28,武汉,6
苹果 笔记本电脑 X8,3032,16750,2024/4/9,笔记本电脑,苹果,3926.51,22.78,901,86.83,成都,6
飞利浦 投影仪 X6,2245,3308,2024/2/9,投影仪,飞利浦,2397,6.34,112,87.7,武汉,12
小米 平板电脑 X7,2964,2890,2024/6/26,平板电脑,小米,3629.76,18.34,520,82.32,杭州,24
海尔 智能家居 X4,4959,534,2024/6/4,智能家居,海尔,6466.87,23.32,184,88.94,成都,24
海尔 智能家居 X10,504,1602,2024/8/19,智能家居,海尔,670.91,24.88,857,91.9,深圳,18
华为 笔记本电脑 X6,15627,15090,2024/7/22,笔记本电脑,华为,19157.26,18.43,737,90.22,广州,18
三星 平板电脑 X7,1085,1773,2024/9/23,平板电脑,三星,1491.3,27.24,204,96.46,深圳,24
索尼 电视 X2,5925,982,2024/11/16,电视,索尼,6946.09,14.7,26,89.97,武汉,6
索尼 智能手机 X6,8973,7227,2024/12/5,智能手机,索尼,10847.39,17.28,342,97.7,广州,18
OPPO 投影仪 X10,1564,1670,2024/4/2,投影仪,OPPO,2091.34,25.22,435,90.54,上海,6
小米 平板电脑 X4,4701,7399,2024/3/11,平板电脑,小米,5929.26,20.72,576,84.77,上海,18
索尼 投影仪 X8,6145,4555,2024/2/23,投影仪,索尼,6924.07,11.25,621,90.86,上海,24
三星 投影仪 X7,8272,4374,2024/2/25,投影仪,三星,9985.38,17.16,647,98.63,深圳,6
华为 智能家居 X7,2269,1156,2024/3/16,智能家居,华为,2577.4,11.97,336,85.47,武汉,18
索尼 智能家居 X4,2026,2499,2024/8/29,智能家居,索尼,2534.34,20.06,420,97.73,北京,12
索尼 电视 X8,10642,1452,2024/5/21,电视,索尼,10959.99,2.9,445,86.73,成都,24
索尼 智能家居 X8,2931,319,2024/10/15,智能家居,索尼,3309.26,11.43,980,95.59,深圳,18
戴尔 智能手机 X1,4979,17558,2024/8/4,智能手机,戴尔,6094.96,18.31,656,85.03,成都,12
飞利浦 智能穿戴 X5,608,3956,2024/7/5,智能穿戴,飞利浦,859.67,29.28,592,98.8,北京,6
苹果 智能穿戴 X4,336,1320,2024/9/1,智能穿戴,苹果,350.31,4.08,384,94.85,广州,18
戴尔 笔记本电脑 X4,18177,18303,2024/8/19,笔记本电脑,戴尔,19441.84,6.51,655,82.34,上海,12
三星 智能手机 X4,9240,40809,2024/8/26,智能手机,三星,11393.26,18.9,629,81.51,上海,24
索尼 耳机 X2,373,2684,2024/3/23,耳机,索尼,378.38,1.42,910,91.12,杭州,24
戴尔 智能穿戴 X7,386,1698,2024/2/25,智能穿戴,戴尔,391.46,1.39,903,88.75,北京,12
戴尔 平板电脑 X10,6354,8348,2024/10/31,平板电脑,戴尔,9394.06,32.36,945,83.65,武汉,24
华为 耳机 X8,136,2111,2024/2/18,耳机,华为,138.87,2.06,724,91.88,上海,6
小米 智能穿戴 X1,484,1325,2024/7/8,智能穿戴,小米,603.43,19.79,133,83.67,武汉,24
小米 电视 X5,14523,9662,2024/11/1,电视,小米,15611.82,6.97,75,84.73,上海,6
苹果 笔记本电脑 X3,5620,7111,2024/8/3,笔记本电脑,苹果,8196.11,31.43,377,97.37,深圳,12
联想 投影仪 X2,8323,171,2025/2/6,投影仪,联想,9816.12,15.21,687,97.59,深圳,6
苹果 智能穿戴 X2,930,2837,2024/11/28,智能穿戴,苹果,1004.6,7.43,510,80.18,广州,24
小米 智能家居 X9,2895,2625,2024/8/18,智能家居,小米,4066.75,28.81,564,90.73,广州,12
索尼 智能穿戴 X4,587,4239,2024/7/23,智能穿戴,索尼,678.86,13.53,682,82.83,深圳,12
戴尔 投影仪 X5,611,2244,2024/6/22,投影仪,戴尔,739.81,17.41,760,83.94,深圳,18
飞利浦 笔记本电脑 X2,10359,12318,2024/8/17,笔记本电脑,飞利浦,12375.24,16.29,828,88.64,武汉,24
三星 智能手机 X7,6979,17896,2024/8/3,智能手机,三星,7762.24,10.09,249,83.04,上海,18
飞利浦 耳机 X4,766,1260,2024/12/9,耳机,飞利浦,859.94,10.92,903,89.98,杭州,6
小米 投影仪 X5,4946,4029,2024/5/29,投影仪,小米,6255.27,20.93,419,94.12,上海,24
索尼 智能手机 X4,1764,1609,2025/1/25,智能手机,索尼,2425.43,27.27,650,98.27,武汉,24
OPPO 耳机 X8,989,1028,2024/6/21,耳机,OPPO,1375.38,28.09,362,84,成都,24
苹果 智能手机 X7,5542,16709,2024/4/11,智能手机,苹果,7738.51,28.38,179,97.65,成都,6
三星 智能家居 X4,2888,2518,2024/8/17,智能家居,三星,4305.98,32.93,479,94.85,北京,24
戴尔 笔记本电脑 X8,4003,2419,2024/10/11,笔记本电脑,戴尔,4692.08,14.69,524,98.72,深圳,18
联想 笔记本电脑 X2,10497,10579,2024/10/22,笔记本电脑,联想,10916.06,3.84,429,90.17,杭州,12
华为 智能穿戴 X3,399,3148,2024/10/12,智能穿戴,华为,561.9,28.99,621,85.18,上海,6
戴尔 平板电脑 X4,5934,4662,2024/3/29,平板电脑,戴尔,7812.28,24.04,384,96.09,杭州,18
索尼 智能家居 X6,1664,487,2024/9/22,智能家居,索尼,2176.69,23.55,150,83.99,广州,6
联想 平板电脑 X4,5315,4558,2024/8/28,平板电脑,联想,6446.97,17.56,166,94.35,武汉,24
华为 电视 X7,4022,8530,2024/3/17,电视,华为,4715.93,14.71,194,85.74,上海,24
海尔 电视 X8,14437,6730,2024/12/17,电视,海尔,18267.31,20.97,299,80.61,上海,6
华为 平板电脑 X10,987,8818,2025/2/5,平板电脑,华为,1031.39,4.3,78,80.9,成都,12
小米 耳机 X6,100,2978,2024/12/17,耳机,小米,136.27,26.62,535,95.26,广州,6
索尼 投影仪 X9,7089,1245,2024/6/19,投影仪,索尼,9437.93,24.89,679,85.12,杭州,6
华为 智能手机 X7,7815,36013,2024/3/24,智能手机,华为,11543.08,32.3,19,88.57,北京,6
飞利浦 智能手机 X5,3645,23113,2024/8/15,智能手机,飞利浦,5348.53,31.85,985,85.86,杭州,24
戴尔 投影仪 X1,5010,1579,2024/2/20,投影仪,戴尔,6482.3,22.71,467,91.88,上海,12
飞利浦 笔记本电脑 X7,7839,17279,2024/6/14,笔记本电脑,飞利浦,9842.71,20.36,631,96.74,北京,12
索尼 投影仪 X3,4262,4492,2024/10/5,投影仪,索尼,4629.42,7.94,860,82.32,上海,12
联想 智能手机 X1,4534,21493,2024/7/5,智能手机,联想,5179.98,12.47,343,88.51,上海,12
索尼 投影仪 X4,4001,3032,2024/2/19,投影仪,索尼,4657.08,14.09,640,87.19,北京,12
联想 耳机 X3,828,192,2024/3/12,耳机,联想,902.84,8.29,542,90.62,成都,12
三星 电视 X4,12980,5955,2024/5/30,电视,三星,16431.82,21.01,90,83.88,杭州,24
苹果 耳机 X6,212,1658,2024/12/19,耳机,苹果,266.37,20.41,726,97.95,深圳,24
戴尔 耳机 X7,525,1867,2024/12/24,耳机,戴尔,589.58,10.95,581,89.73,上海,24
OPPO 智能手机 X7,6729,1392,2024/12/29,智能手机,OPPO,8654.62,22.25,231,90.93,杭州,18
戴尔 智能家居 X2,1246,1765,2024/7/18,智能家居,戴尔,1549.96,19.61,799,90.51,上海,6
联想 电视 X9,13921,8122,2024/9/2,电视,联想,17417.1,20.07,802,92.99,成都,24
戴尔 智能手机 X3,7341,11767,2024/8/23,智能手机,戴尔,7586.54,3.24,790,83.94,武汉,6
飞利浦 智能手机 X6,2548,9120,2024/8/21,智能手机,飞利浦,2698.2,5.57,371,87.51,杭州,18
飞利浦 智能穿戴 X2,191,978,2024/6/18,智能穿戴,飞利浦,219.8,13.1,999,89.39,北京,18
海尔 电视 X8,3449,3258,2024/9/24,电视,海尔,4839.03,28.73,100,81.86,杭州,6
联想 平板电脑 X6,5257,1580,2024/4/14,平板电脑,联想,6126.54,14.19,722,83.46,深圳,6
飞利浦 笔记本电脑 X5,11632,12634,2024/8/14,笔记本电脑,飞利浦,17387.79,33.1,85,92.93,北京,6
飞利浦 智能家居 X6,1638,1095,2024/5/1,智能家居,飞利浦,2278.92,28.12,616,92.62,杭州,24
海尔 智能手机 X10,9823,28404,2024/6/14,智能手机,海尔,10385.29,5.41,317,91.15,武汉,6
小米 智能家居 X5,4223,1249,2024/6/2,智能家居,小米,4404.67,4.12,337,87.86,广州,24
小米 智能穿戴 X4,374,4997,2024/2/18,智能穿戴,小米,511.18,26.84,13,80.24,北京,24
飞利浦 笔记本电脑 X3,13555,13696,2024/12/2,笔记本电脑,飞利浦,13759.84,1.49,594,92.58,成都,18
苹果 电视 X2,10353,3063,2024/11/23,电视,苹果,13365.99,22.54,395,87.6,广州,6
戴尔 平板电脑 X9,5588,8443,2024/2/14,平板电脑,戴尔,6426.4,13.05,352,88.25,北京,18
海尔 智能穿戴 X10,889,2476,2024/11/13,智能穿戴,海尔,1146.43,22.45,60,98.4,北京,24
联想 耳机 X2,159,746,2024/10/21,耳机,联想,221.01,28.06,18,83.58,武汉,18
索尼 智能手机 X5,8553,17783,2024/6/17,智能手机,索尼,12302.07,30.48,395,83.87,北京,12
苹果 电视 X2,4494,9213,2024/7/24,电视,苹果,6057.08,25.81,305,96.02,杭州,18
苹果 电视 X3,10040,818,2024/4/1,电视,苹果,14299.6,29.79,561,97.18,北京,12
OPPO 智能穿戴 X5,101,644,2024/12/11,智能穿戴,OPPO,116.93,13.62,78,89.1,杭州,6
戴尔 笔记本电脑 X2,8347,16358,2024/10/23,笔记本电脑,戴尔,10727.98,22.19,121,89.8,杭州,24
索尼 智能家居 X6,3929,2324,2024/9/9,智能家居,索尼,4970.11,20.95,769,95.08,成都,12
戴尔 投影仪 X5,9287,4249,2024/6/6,投影仪,戴尔,9951.65,6.68,338,90.51,深圳,12
苹果 投影仪 X10,9090,1498,2024/7/29,投影仪,苹果,11655.5,22.01,662,94.43,杭州,24
戴尔 智能家居 X4,2943,2556,2024/9/29,智能家居,戴尔,3624.45,18.8,288,88.48,杭州,6
海尔 智能家居 X2,634,2442,2024/7/26,智能家居,海尔,928.02,31.68,449,86.8,北京,18
联想 智能穿戴 X10,918,2262,2024/11/20,智能穿戴,联想,994.43,7.69,319,89.84,北京,6
联想 智能穿戴 X5,279,3249,2025/1/20,智能穿戴,联想,364.62,23.48,410,94.55,杭州,24
索尼 投影仪 X2,8106,3390,2024/3/23,投影仪,索尼,11407.41,28.94,195,83.34,上海,6
联想 笔记本电脑 X10,9010,15896,2024/2/21,笔记本电脑,联想,12267.91,26.56,652,83.52,广州,12
三星 智能穿戴 X1,821,1499,2024/5/15,智能穿戴,三星,1218.34,32.61,460,88.11,杭州,24
华为 投影仪 X4,4783,4530,2024/9/6,投影仪,华为,5666.11,15.59,757,90.42,成都,12
三星 电视 X5,12463,4324,2024/10/31,电视,三星,16031.21,22.26,551,87.9,杭州,24
OPPO 智能手机 X2,1955,38549,2024/7/19,智能手机,OPPO,2518.75,22.38,50,93.3,北京,24
联想 平板电脑 X7,4989,3203,2024/11/14,平板电脑,联想,5642.58,11.58,734,98.3,广州,6
联想 电视 X3,4925,7594,2024/8/27,电视,联想,7230.41,31.88,815,85.51,杭州,18
戴尔 电视 X7,11691,8292,2024/11/15,电视,戴尔,11946.15,2.14,935,96.83,上海,18
小米 平板电脑 X4,5449,653,2024/2/26,平板电脑,小米,6573.17,17.1,468,95.58,成都,18
海尔 电视 X1,11949,213,2025/1/24,电视,海尔,14855.17,19.56,432,83.32,北京,24
戴尔 平板电脑 X10,5365,4474,2024/7/7,平板电脑,戴尔,8041.78,33.29,972,85.51,北京,12
海尔 智能手机 X7,6000,28175,2025/2/2,智能手机,海尔,6762.93,11.28,509,86.56,上海,18
联想 电视 X1,8613,1906,2024/8/30,电视,联想,12660.68,31.97,128,94.22,上海,24
索尼 智能手机 X7,9372,12279,2024/5/13,智能手机,索尼,9546.36,1.83,252,88.02,深圳,12
飞利浦 智能手机 X4,6378,25101,2025/1/25,智能手机,飞利浦,9039,29.44,810,97.88,杭州,24
三星 耳机 X8,531,388,2024/10/18,耳机,三星,680.38,21.96,329,88.82,广州,18
苹果 平板电脑 X9,7343,631,2024/7/21,平板电脑,苹果,9456.4,22.35,382,85.38,北京,12
索尼 电视 X1,12894,8566,2024/7/26,电视,索尼,15206.8,15.21,352,85.75,深圳,18
联想 耳机 X4,290,1823,2024/9/16,耳机,联想,387.46,25.15,894,89.12,武汉,24
飞利浦 智能手机 X6,4140,39660,2024/8/30,智能手机,飞利浦,5371.31,22.92,422,93.59,武汉,12
海尔 智能穿戴 X5,469,1316,2024/10/25,智能穿戴,海尔,581.29,19.32,308,90.56,成都,12
OPPO 耳机 X1,491,2663,2024/4/19,耳机,OPPO,588.63,16.59,389,90.42,成都,12
OPPO 智能穿戴 X10,855,1453,2024/6/4,智能穿戴,OPPO,968.75,11.74,428,94.02,武汉,18
OPPO 智能手机 X7,7051,16816,2024/3/6,智能手机,OPPO,7126.16,1.05,526,94.88,深圳,6
海尔 平板电脑 X8,5789,3413,2024/5/14,平板电脑,海尔,5800.24,0.19,474,88.01,北京,18
华为 平板电脑 X4,6265,541,2024/9/21,平板电脑,华为,6746.29,7.13,233,81.14,北京,18
联想 投影仪 X8,9813,3310,2024/6/22,投影仪,联想,11283.87,13.04,305,85.99,上海,6
海尔 平板电脑 X8,5127,6043,2024/8/1,平板电脑,海尔,5791.76,11.48,558,89.84,武汉,12
三星 智能穿戴 X1,596,3966,2024/3/15,智能穿戴,三星,656.55,9.22,536,98.97,杭州,18
戴尔 智能手机 X6,6328,19237,2024/5/8,智能手机,戴尔,8466.56,25.26,210,89.65,深圳,12
戴尔 耳机 X5,418,2433,2024/5/28,耳机,戴尔,481.66,13.22,571,86.9,北京,24
海尔 平板电脑 X10,3912,3792,2024/12/20,平板电脑,海尔,5404.42,27.61,260,87.86,北京,12
小米 智能家居 X8,4346,1998,2025/1/16,智能家居,小米,4970.41,12.56,253,93.58,杭州,18
联想 智能手机 X8,8947,45201,2024/11/3,智能手机,联想,12911.75,30.71,965,93.7,成都,24
小米 笔记本电脑 X2,3655,8208,2024/4/4,笔记本电脑,小米,4927.07,25.82,576,83.22,广州,18
小米 电视 X1,11936,3190,2024/12/10,电视,小米,12446.2,4.1,705,92.37,广州,18
三星 电视 X9,2574,4798,2024/7/2,电视,三星,2731.83,5.78,824,98.26,杭州,18
联想 平板电脑 X6,1164,4673,2024/12/4,平板电脑,联想,1353.88,14.03,189,82.91,上海,12
华为 投影仪 X7,9190,4508,2024/2/9,投影仪,华为,12760.95,27.98,523,97.38,武汉,12
苹果 笔记本电脑 X10,13516,4236,2024/9/29,笔记本电脑,苹果,13647.66,0.96,932,86.34,广州,6
三星 智能家居 X10,1643,2637,2024/8/13,智能家居,三星,2083.94,21.16,401,96.41,北京,18
飞利浦 耳机 X2,881,956,2024/9/10,耳机,飞利浦,975.58,9.69,626,80.25,成都,18
三星 笔记本电脑 X4,17338,14447,2024/8/16,笔记本电脑,三星,21601.28,19.74,10,91.98,武汉,18
海尔 笔记本电脑 X7,17507,17906,2024/6/24,笔记本电脑,海尔,22055.99,20.62,865,94.14,深圳,24
小米 电视 X4,2120,2816,2025/1/14,电视,小米,2703.76,21.59,182,83.28,深圳,18
戴尔 笔记本电脑 X6,4548,7438,2024/2/22,笔记本电脑,戴尔,6283.53,27.62,258,94.06,深圳,18
三星 智能家居 X10,691,253,2024/4/15,智能家居,三星,766.53,9.85,250,80.72,广州,18
飞利浦 耳机 X9,504,183,2024/5/23,耳机,飞利浦,539.36,6.56,877,82.6,北京,12
三星 智能家居 X9,2875,1497,2024/3/30,智能家居,三星,3664.33,21.54,131,85.98,上海,18
苹果 平板电脑 X3,7462,3195,2024/3/16,平板电脑,苹果,7670.61,2.72,105,81.51,成都,18
联想 笔记本电脑 X8,12465,4639,2024/10/12,笔记本电脑,联想,17241.02,27.7,657,83.43,成都,24
索尼 平板电脑 X3,7433,4691,2024/9/12,平板电脑,索尼,9688.33,23.28,774,94.8,杭州,12
飞利浦 智能家居 X4,2527,693,2024/4/3,智能家居,飞利浦,3580.4,29.42,615,92.44,成都,18
索尼 智能穿戴 X10,161,133,2024/11/16,智能穿戴,索尼,203.47,20.87,991,93.09,杭州,6
联想 智能穿戴 X3,273,1019,2024/5/10,智能穿戴,联想,407.78,33.05,21,82.02,成都,24
苹果 智能手机 X3,2850,24766,2024/9/24,智能手机,苹果,3453.83,17.48,211,88.46,杭州,24
戴尔 投影仪 X10,8209,3593,2024/7/17,投影仪,戴尔,8329.64,1.45,301,87.89,深圳,18
华为 平板电脑 X6,1301,2193,2024/6/19,平板电脑,华为,1778.32,26.84,466,95.18,北京,18
飞利浦 智能穿戴 X8,422,656,2025/1/13,智能穿戴,飞利浦,422.58,0.14,810,82.71,杭州,6
苹果 智能穿戴 X5,938,1541,2024/8/26,智能穿戴,苹果,940.06,0.22,281,92.13,广州,12
OPPO 智能家居 X9,2613,2318,2024/2/12,智能家居,OPPO,3881.13,32.67,894,94.63,上海,12
OPPO 智能手机 X5,1160,20267,2024/12/5,智能手机,OPPO,1325.29,12.47,431,83.99,广州,18
苹果 平板电脑 X10,4951,7042,2024/7/23,平板电脑,苹果,7175.42,31,230,93.15,上海,18
海尔 智能穿戴 X1,820,1116,2024/8/25,智能穿戴,海尔,839.34,2.3,262,96.64,武汉,18
三星 笔记本电脑 X7,17181,17728,2025/1/8,笔记本电脑,三星,24257.26,29.17,657,81.27,广州,12
戴尔 智能穿戴 X9,412,1844,2024/8/17,智能穿戴,戴尔,556.58,25.98,313,86.64,北京,24
联想 投影仪 X6,4591,4856,2024/8/6,投影仪,联想,5388.28,14.8,72,87.6,杭州,6
联想 投影仪 X10,9815,4039,2024/3/18,投影仪,联想,11930.52,17.73,400,82.56,杭州,6
飞利浦 投影仪 X2,3140,1385,2024/6/8,投影仪,飞利浦,3586.4,12.45,169,94.39,成都,24
苹果 电视 X3,1578,6911,2024/4/23,电视,苹果,1743.08,9.47,682,82.2,上海,6
飞利浦 智能家居 X8,4466,1591,2024/5/10,智能家居,飞利浦,5027.8,11.17,396,86.99,深圳,24
华为 智能手机 X4,3605,4917,2024/8/9,智能手机,华为,4333.28,16.81,518,91.61,成都,6
飞利浦 投影仪 X9,4172,4171,2024/4/30,投影仪,飞利浦,5187.59,19.58,469,96.75,上海,24
华为 电视 X4,11101,2234,2024/4/6,电视,华为,14248.07,22.09,965,90.95,杭州,24
华为 智能手机 X1,6032,9471,2024/10/25,智能手机,华为,8479.51,28.86,745,93.83,武汉,24
华为 平板电脑 X3,7194,9629,2024/5/9,平板电脑,华为,9826.26,26.79,731,94.18,成都,18
苹果 智能穿戴 X4,887,2096,2024/11/10,智能穿戴,苹果,1144.92,22.53,133,92.37,上海,6
华为 智能手机 X9,3382,12108,2024/9/11,智能手机,华为,4914.12,31.18,911,91.56,上海,24
小米 智能手机 X1,2361,46653,2024/8/8,智能手机,小米,3193.54,26.07,649,92.92,武汉,6
海尔 耳机 X7,831,655,2025/2/4,耳机,海尔,1114.15,25.41,634,96.26,上海,18
联想 电视 X1,1696,5963,2024/4/14,电视,联想,2513.82,32.53,557,96.3,上海,24
三星 电视 X7,12512,3629,2024/10/18,电视,三星,15146.05,17.39,772,81.52,武汉,6
戴尔 智能家居 X3,597,2862,2024/6/24,智能家居,戴尔,842.29,29.12,884,97.8,深圳,12
联想 智能家居 X9,4318,1875,2024/8/15,智能家居,联想,6009.06,28.14,259,92.54,杭州,18
飞利浦 电视 X1,5611,3933,2025/1/14,电视,飞利浦,6406.42,12.42,872,80.98,成都,6
飞利浦 耳机 X5,120,405,2024/9/15,耳机,飞利浦,123.69,2.99,203,83.3,北京,12
戴尔 笔记本电脑 X5,14279,18946,2024/6/14,笔记本电脑,戴尔,21410.21,33.31,246,83.37,武汉,24
联想 智能家居 X4,1866,1221,2024/2/17,智能家居,联想,2653.8,29.69,429,87.1,成都,12
联想 智能穿戴 X9,361,1216,2024/11/24,智能穿戴,联想,475.5,24.08,760,92.05,广州,6
索尼 智能手机 X1,5355,4765,2024/6/30,智能手机,索尼,7586.24,29.41,772,84.64,成都,18
海尔 电视 X7,12003,4892,2024/5/6,电视,海尔,17168.62,30.09,311,94.54,北京,12
小米 智能家居 X4,2069,468,2024/10/3,智能家居,小米,2252.05,8.13,37,84.19,广州,24
戴尔 投影仪 X9,8437,2892,2025/1/13,投影仪,戴尔,9238.98,8.68,539,81.18,上海,6
三星 笔记本电脑 X8,16491,4026,2025/2/7,笔记本电脑,三星,24058.03,31.45,346,89.62,深圳,12
海尔 投影仪 X4,1273,4003,2024/7/3,投影仪,海尔,1526.51,16.61,176,89.45,成都,6
华为 耳机 X6,328,1800,2024/7/8,耳机,华为,341.79,4.03,132,87.74,上海,18
联想 笔记本电脑 X10,10638,7047,2024/12/19,笔记本电脑,联想,11327.61,6.09,558,91.36,北京,6
飞利浦 投影仪 X2,9086,4495,2024/4/20,投影仪,飞利浦,11380.29,20.16,685,93.86,北京,18
戴尔 智能家居 X5,1129,1450,2024/9/3,智能家居,戴尔,1386.17,18.55,564,98.05,深圳,12
索尼 平板电脑 X3,6610,6899,2024/3/13,平板电脑,索尼,7103,6.94,667,86.92,成都,12
OPPO 平板电脑 X5,3781,1297,2024/12/14,平板电脑,OPPO,5421.36,30.26,196,95.39,北京,12
索尼 笔记本电脑 X4,16648,12668,2024/11/5,笔记本电脑,索尼,16728.72,0.48,850,91.55,深圳,12
OPPO 智能家居 X10,3420,1275,2024/4/10,智能家居,OPPO,4456.32,23.26,493,95.9,广州,24
OPPO 投影仪 X4,8075,2871,2024/5/18,投影仪,OPPO,11126.99,27.43,752,91.72,广州,6
戴尔 投影仪 X8,2371,1935,2024/4/13,投影仪,戴尔,3152.01,24.78,943,96.17,广州,6
联想 笔记本电脑 X6,10653,6062,2024/9/6,笔记本电脑,联想,14138.96,24.65,361,90.42,成都,24
华为 智能家居 X5,1420,1859,2024/11/14,智能家居,华为,1623.49,12.53,747,92.19,成都,18
联想 智能穿戴 X8,494,2332,2024/2/20,智能穿戴,联想,509.03,2.95,830,92.54,广州,12
小米 笔记本电脑 X5,8305,2306,2024/2/22,笔记本电脑,小米,10632.02,21.89,992,81.03,北京,24
索尼 智能穿戴 X8,135,4163,2024/6/10,智能穿戴,索尼,180.45,25.19,755,93.74,武汉,6
苹果 笔记本电脑 X10,17539,19220,2024/9/30,笔记本电脑,苹果,23391.5,25.02,541,98.64,北京,6
戴尔 智能穿戴 X9,465,2545,2025/1/2,智能穿戴,戴尔,614.35,24.31,726,91.07,杭州,24
小米 智能家居 X10,1043,154,2024/11/30,智能家居,小米,1223.73,14.77,415,85.61,上海,12
OPPO 智能手机 X10,5906,5214,2025/1/19,智能手机,OPPO,8493.35,30.46,173,95.62,杭州,6
三星 笔记本电脑 X5,17485,9783,2024/7/23,笔记本电脑,三星,24659.97,29.1,809,95.02,北京,24
索尼 平板电脑 X4,5638,8827,2024/10/30,平板电脑,索尼,6758.48,16.58,726,84.06,杭州,24
海尔 智能穿戴 X5,394,3631,2024/9/10,智能穿戴,海尔,528.72,25.48,520,97.7,北京,24
华为 智能手机 X7,2866,25928,2024/4/9,智能手机,华为,3524.79,18.69,571,87.03,北京,6
苹果 耳机 X3,331,883,2024/6/3,耳机,苹果,401.72,17.6,776,89.39,武汉,24
OPPO 智能手机 X7,3560,40678,2024/11/10,智能手机,OPPO,3752.35,5.13,212,87.04,杭州,24
OPPO 平板电脑 X1,3275,8990,2024/12/1,平板电脑,OPPO,3579.56,8.51,118,92.39,深圳,18
OPPO 笔记本电脑 X3,4517,18105,2024/3/21,笔记本电脑,OPPO,5621.76,19.65,163,90.52,成都,18
海尔 笔记本电脑 X2,14103,9614,2024/4/3,笔记本电脑,海尔,19303.97,26.94,432,89.37,上海,24
戴尔 智能穿戴 X9,393,3405,2024/12/9,智能穿戴,戴尔,428.2,8.22,742,97.14,深圳,6
戴尔 笔记本电脑 X2,14873,10512,2024/6/15,笔记本电脑,戴尔,16108.35,7.67,696,95.34,杭州,18
华为 投影仪 X1,4836,2855,2025/1/17,投影仪,华为,5945.58,18.66,919,98.3,上海,12
苹果 笔记本电脑 X7,7160,15591,2024/10/1,笔记本电脑,苹果,7878.88,9.12,525,81.49,广州,6
索尼 电视 X6,13878,4676,2024/3/8,电视,索尼,15925.01,12.85,978,94.19,武汉,6
飞利浦 智能手机 X2,3265,39648,2024/12/1,智能手机,飞利浦,4281.74,23.75,949,91.28,杭州,6
索尼 平板电脑 X5,3636,4869,2024/12/5,平板电脑,索尼,4527.98,19.7,477,89.97,杭州,18
戴尔 笔记本电脑 X9,4738,11375,2024/4/17,笔记本电脑,戴尔,6331.5,25.17,163,82.87,广州,18
小米 智能手机 X2,6284,48120,2024/8/6,智能手机,小米,6351.49,1.06,30,88.59,杭州,18
海尔 投影仪 X10,773,2625,2025/1/25,投影仪,海尔,1107.92,30.23,608,80.65,上海,6
海尔 智能家居 X8,3902,812,2024/12/14,智能家居,海尔,3947.53,1.15,663,83.25,武汉,12
戴尔 智能穿戴 X1,820,2282,2024/5/10,智能穿戴,戴尔,1095.76,25.17,782,80.17,深圳,12
索尼 智能穿戴 X1,534,2469,2025/2/6,智能穿戴,索尼,716.49,25.47,471,92.51,杭州,18
联想 智能手机 X2,1653,40412,2024/5/16,智能手机,联想,2410.27,31.42,94,80.92,武汉,12
华为 电视 X10,7293,5790,2025/2/6,电视,华为,9303.47,21.61,766,98.99,广州,6
三星 投影仪 X10,3928,405,2024/4/14,投影仪,三星,4379.31,10.31,230,83.88,深圳,18
戴尔 智能家居 X5,314,2019,2024/9/16,智能家居,戴尔,466.69,32.72,597,82.43,上海,12
三星 电视 X5,2834,3550,2024/5/2,电视,三星,3678.68,22.96,587,89.45,深圳,18
华为 智能家居 X7,965,2278,2025/1/15,智能家居,华为,1111.05,13.15,860,81.21,北京,24
索尼 电视 X4,6075,6800,2024/11/30,电视,索尼,7613.35,20.21,989,82.24,杭州,12
苹果 耳机 X8,208,2090,2024/11/21,耳机,苹果,282,26.24,172,98.8,武汉,6
戴尔 智能家居 X9,2773,238,2024/7/26,智能家居,戴尔,2953.48,6.11,137,86.73,成都,18
华为 智能穿戴 X5,538,1734,2024/5/6,智能穿戴,华为,797,32.5,317,92.44,广州,24
飞利浦 电视 X2,14059,6887,2025/1/23,电视,飞利浦,20295,30.73,695,81.11,上海,12
小米 电视 X9,10224,7297,2024/10/29,电视,小米,12199.97,16.2,522,97.62,武汉,18
小米 电视 X10,14977,4753,2024/7/28,电视,小米,17690.01,15.34,323,95.61,广州,24
飞利浦 智能家居 X5,3197,2012,2024/11/14,智能家居,飞利浦,3677,13.05,555,91.74,成都,18
三星 投影仪 X4,7127,3185,2024/11/13,投影仪,三星,7736.94,7.88,363,81.7,北京,18
华为 电视 X3,5181,9133,2024/9/5,电视,华为,5230.74,0.95,49,92.51,上海,24
海尔 平板电脑 X6,4512,6286,2024/10/9,平板电脑,海尔,5506.7,18.06,106,85.51,上海,6
苹果 平板电脑 X3,5533,4511,2024/3/15,平板电脑,苹果,5537.18,0.08,196,90.11,上海,18
华为 电视 X4,7478,6215,2024/3/16,电视,华为,8957.46,16.52,972,89.05,上海,12
联想 投影仪 X5,5454,4030,2024/12/24,投影仪,联想,5945.88,8.27,689,94.74,北京,18
戴尔 智能穿戴 X3,227,2365,2024/11/11,智能穿戴,戴尔,292.35,22.35,125,82.26,武汉,24
三星 智能手机 X3,9042,43242,2024/2/15,智能手机,三星,10647.77,15.08,105,92.4,武汉,18
戴尔 智能家居 X10,2095,259,2024/8/25,智能家居,戴尔,3132.11,33.11,39,93.64,深圳,6
苹果 投影仪 X10,3331,2685,2024/8/18,投影仪,苹果,4067.14,18.1,348,85.62,上海,24
小米 平板电脑 X5,5274,1877,2024/12/7,平板电脑,小米,7102.3,25.74,622,83.95,杭州,24
海尔 笔记本电脑 X7,15134,9445,2024/4/19,笔记本电脑,海尔,22392.93,32.42,20,87.99,上海,18
联想 电视 X4,7634,9641,2025/1/23,电视,联想,9730.61,21.55,901,93.79,广州,12
戴尔 平板电脑 X10,7841,2298,2024/11/14,平板电脑,戴尔,8957.63,12.47,686,93.25,武汉,12
华为 智能穿戴 X9,422,3627,2024/10/15,智能穿戴,华为,597.58,29.38,992,88.03,杭州,24
联想 耳机 X4,721,492,2024/6/12,耳机,联想,795.42,9.36,382,90.97,成都,24
三星 笔记本电脑 X3,3394,13863,2024/9/24,笔记本电脑,三星,3827.22,11.32,534,90.04,武汉,6
飞利浦 笔记本电脑 X5,6323,13076,2024/11/4,笔记本电脑,飞利浦,9437.27,33,852,91.47,武汉,12
小米 投影仪 X3,3193,2145,2024/10/3,投影仪,小米,3624.22,11.9,287,80.3,武汉,24
华为 智能穿戴 X10,492,3749,2024/4/13,智能穿戴,华为,506.77,2.92,99,94.57,武汉,12
海尔 智能家居 X1,250,724,2024/9/13,智能家居,海尔,321.55,22.25,352,81.79,成都,6
索尼 智能手机 X1,1434,3651,2024/10/10,智能手机,索尼,1931.64,25.76,317,87.91,北京,6
联想 笔记本电脑 X9,6646,19637,2024/2/27,笔记本电脑,联想,7488.57,11.25,919,98.4,北京,18
联想 平板电脑 X10,7283,3719,2024/12/9,平板电脑,联想,8850.07,17.71,101,81.94,杭州,6
飞利浦 智能家居 X2,103,2059,2024/4/16,智能家居,飞利浦,132.18,22.08,503,93.38,北京,6
小米 智能穿戴 X4,384,234,2024/9/3,智能穿戴,小米,401.33,4.32,242,97.42,深圳,6
华为 电视 X10,5421,2360,2024/7/27,电视,华为,5935.94,8.67,33,88.75,北京,24
苹果 平板电脑 X1,886,3375,2024/10/29,平板电脑,苹果,1161.96,23.75,600,89.65,成都,18
戴尔 投影仪 X4,6725,1860,2024/8/20,投影仪,戴尔,9754.09,31.05,823,89.21,广州,24
华为 电视 X3,10702,8837,2024/12/25,电视,华为,15343.1,30.25,470,96.63,成都,6
戴尔 平板电脑 X9,5192,5668,2024/7/21,平板电脑,戴尔,5530.84,6.13,397,96.12,广州,6
联想 智能穿戴 X8,236,1357,2024/9/6,智能穿戴,联想,285.37,17.3,266,95.51,深圳,24
联想 笔记本电脑 X5,14803,10053,2024/12/23,笔记本电脑,联想,20595.19,28.12,548,89.28,深圳,18
戴尔 智能穿戴 X4,330,2999,2024/4/13,智能穿戴,戴尔,453.41,27.22,529,91.25,广州,12
海尔 笔记本电脑 X10,16085,1016,2024/11/22,笔记本电脑,海尔,24096.85,33.25,38,91.42,北京,24
OPPO 投影仪 X3,7729,889,2024/4/15,投影仪,OPPO,8669.52,10.85,858,82.79,成都,12
OPPO 耳机 X4,139,2397,2024/7/8,耳机,OPPO,208.37,33.29,148,83.72,成都,6
戴尔 智能家居 X7,2982,982,2024/2/22,智能家居,戴尔,3907.35,23.68,481,90.23,北京,12
OPPO 投影仪 X4,1209,1953,2025/1/24,投影仪,OPPO,1465.32,17.49,44,98.84,广州,24
飞利浦 电视 X7,7742,8426,2024/10/7,电视,飞利浦,10931.75,29.18,307,92.05,深圳,6
飞利浦 智能家居 X9,1789,2179,2024/5/14,智能家居,飞利浦,2141.43,16.46,296,83.16,深圳,24
苹果 投影仪 X10,3100,2459,2024/11/20,投影仪,苹果,3552.21,12.73,388,89.14,成都,6
索尼 投影仪 X10,4535,1909,2024/8/20,投影仪,索尼,4867.89,6.84,284,83.42,上海,24
戴尔 智能穿戴 X3,927,1186,2024/6/7,智能穿戴,戴尔,1115.79,16.92,819,89.03,上海,24
OPPO 智能家居 X5,2270,395,2024/12/15,智能家居,OPPO,2843.81,20.18,677,81.79,上海,12
联想 笔记本电脑 X10,3190,18014,2024/6/25,笔记本电脑,联想,3336.25,4.38,835,96.67,深圳,6
OPPO 电视 X1,6384,7344,2024/10/10,电视,OPPO,9438.32,32.36,793,97.92,成都,18
三星 投影仪 X1,1642,840,2024/10/29,投影仪,三星,1692.14,2.96,216,86.33,深圳,18
小米 智能家居 X5,3763,1256,2024/11/15,智能家居,小米,4947.19,23.94,931,80.02,广州,6
戴尔 笔记本电脑 X6,11699,18486,2024/12/18,笔记本电脑,戴尔,13729.82,14.79,542,83.74,北京,18
海尔 投影仪 X5,7686,1721,2024/4/9,投影仪,海尔,9153.09,16.03,348,94.85,成都,24
OPPO 投影仪 X1,5871,2804,2024/10/9,投影仪,OPPO,6479.2,9.39,186,93.95,杭州,6
小米 智能家居 X10,3488,2997,2024/10/23,智能家居,小米,3528.79,1.16,45,92.62,成都,6
联想 电视 X9,8970,1722,2024/7/6,电视,联想,9865.05,9.07,443,88.62,深圳,6
三星 电视 X2,5488,9255,2024/10/4,电视,三星,6967.51,21.23,364,93.14,成都,18
飞利浦 平板电脑 X10,1317,8867,2024/12/23,平板电脑,飞利浦,1885.96,30.17,468,94.12,成都,18
索尼 耳机 X2,904,223,2024/6/25,耳机,索尼,1272.71,28.97,449,96.76,北京,24
三星 笔记本电脑 X8,6441,11598,2024/6/30,笔记本电脑,三星,8467.24,23.93,492,92.78,深圳,18
索尼 投影仪 X4,7086,3939,2024/11/17,投影仪,索尼,8651.12,18.09,800,94.75,上海,24
小米 智能家居 X7,1425,539,2024/5/23,智能家居,小米,1818.21,21.63,333,87.17,北京,24
联想 智能穿戴 X6,267,3928,2024/7/18,智能穿戴,联想,295.3,9.58,400,97.08,武汉,18
飞利浦 平板电脑 X9,1021,2097,2024/9/9,平板电脑,飞利浦,1071.54,4.72,531,95.77,上海,12
苹果 笔记本电脑 X10,9771,18879,2024/4/16,笔记本电脑,苹果,13582.1,28.06,94,97.51,深圳,18
苹果 智能手机 X10,7146,30121,2024/4/24,智能手机,苹果,8254.87,13.43,880,85.4,广州,12
索尼 智能家居 X5,1737,327,2024/10/24,智能家居,索尼,1798.29,3.41,322,95.5,广州,18
华为 投影仪 X6,820,695,2025/1/5,投影仪,华为,884,7.24,42,96.78,杭州,6
三星 平板电脑 X7,4994,7367,2024/4/8,平板电脑,三星,6257.93,20.2,492,94.83,上海,12
小米 智能家居 X8,465,2391,2024/11/19,智能家居,小米,577.78,19.52,33,93.3,深圳,6
海尔 电视 X3,2858,9187,2024/10/5,电视,海尔,3936.05,27.39,590,97.14,北京,12
联想 笔记本电脑 X4,6304,746,2024/3/25,笔记本电脑,联想,6801.82,7.32,419,92.31,上海,12
联想 笔记本电脑 X1,9942,2971,2025/1/13,笔记本电脑,联想,13006.85,23.56,344,81.44,武汉,18
联想 笔记本电脑 X8,17643,2567,2025/1/4,笔记本电脑,联想,20638.64,14.51,820,94.84,成都,18
索尼 电视 X4,10983,3655,2024/11/11,电视,索尼,11004.75,0.2,865,85.46,武汉,12
华为 笔记本电脑 X4,12109,3774,2024/4/5,笔记本电脑,华为,15960.24,24.13,406,87.07,武汉,12
戴尔 耳机 X2,225,2877,2024/6/3,耳机,戴尔,309.94,27.41,66,85.52,武汉,6
三星 平板电脑 X2,1762,9857,2024/11/23,平板电脑,三星,2239.57,21.32,191,98.01,杭州,24
小米 耳机 X6,831,1543,2024/9/26,耳机,小米,932.05,10.84,810,90.12,杭州,6
华为 投影仪 X1,9222,1020,2024/4/27,投影仪,华为,13775.21,33.05,899,95.62,广州,24
海尔 电视 X7,13147,9473,2024/6/4,电视,海尔,14659.76,10.32,75,90.57,广州,6
海尔 投影仪 X1,6299,4575,2024/7/31,投影仪,海尔,7533.55,16.39,652,80.22,杭州,6
苹果 智能手机 X1,3229,32503,2024/9/20,智能手机,苹果,4091.93,21.09,666,91.85,杭州,18
OPPO 智能家居 X7,2070,685,2024/4/29,智能家居,OPPO,3003.74,31.09,849,92.95,武汉,18
小米 智能家居 X7,254,895,2024/2/13,智能家居,小米,294.61,13.78,454,82.96,成都,24
华为 智能家居 X7,4803,2327,2024/3/15,智能家居,华为,6082.13,21.03,67,93.62,杭州,12
联想 笔记本电脑 X4,9240,14686,2024/5/5,笔记本电脑,联想,12451.47,25.79,799,81.72,上海,6
联想 耳机 X1,295,2429,2024/5/14,耳机,联想,344.35,14.33,407,87.23,成都,12
苹果 平板电脑 X8,7382,3168,2025/1/21,平板电脑,苹果,9966.18,25.93,116,84.51,杭州,6
戴尔 智能穿戴 X9,596,3965,2024/4/24,智能穿戴,戴尔,602.59,1.09,866,95.76,上海,24
飞利浦 电视 X10,7684,627,2024/12/12,电视,飞利浦,8356.31,8.05,321,83.32,杭州,6
联想 耳机 X10,59,2446,2024/4/23,耳机,联想,61.05,3.36,1000,87.34,武汉,24
OPPO 笔记本电脑 X4,17585,18177,2024/10/11,笔记本电脑,OPPO,18165.79,3.2,464,81.14,成都,6
苹果 智能穿戴 X5,641,4673,2025/1/14,智能穿戴,苹果,720.34,11.01,491,88.38,杭州,12
苹果 电视 X9,1177,1084,2024/4/27,电视,苹果,1368.71,14.01,986,95.64,成都,12
华为 投影仪 X2,2488,4588,2024/2/16,投影仪,华为,3608.8,31.06,313,84.21,深圳,12
OPPO 平板电脑 X3,7449,8540,2024/8/10,平板电脑,OPPO,8796.72,15.32,633,90.71,武汉,18
小米 笔记本电脑 X10,12092,686,2025/1/6,笔记本电脑,小米,12892.84,6.21,415,93.4,成都,24
华为 投影仪 X1,8710,4953,2024/12/26,投影仪,华为,10489.19,16.96,972,82.55,广州,12
三星 智能手机 X10,3960,37512,2024/7/12,智能手机,三星,4008.62,1.21,933,95.89,成都,24
三星 电视 X10,4228,9527,2024/5/16,电视,三星,5971.5,29.2,240,86.58,广州,24
苹果 智能穿戴 X3,774,1651,2024/12/22,智能穿戴,苹果,963.27,19.65,123,85.29,杭州,18
索尼 笔记本电脑 X7,12606,11929,2024/3/9,笔记本电脑,索尼,14542.55,13.32,198,86.4,上海,18
小米 投影仪 X5,2127,2595,2024/7/24,投影仪,小米,3090.92,31.19,991,84.5,深圳,24
苹果 耳机 X10,642,775,2024/9/12,耳机,苹果,904.43,29.02,498,83.95,杭州,24
苹果 电视 X6,8011,9154,2024/7/16,电视,苹果,10001.71,19.9,693,81.52,北京,12
海尔 电视 X5,6047,2020,2024/12/12,电视,海尔,9029.51,33.03,40,91.06,上海,6
海尔 笔记本电脑 X9,9403,18822,2025/1/11,笔记本电脑,海尔,10712.34,12.22,568,84.14,杭州,12
华为 电视 X2,3564,8695,2024/3/6,电视,华为,4753.04,25.02,344,81.81,上海,6
戴尔 智能家居 X4,3083,2385,2025/1/8,智能家居,戴尔,3493.69,11.76,411,94.25,杭州,24
飞利浦 智能穿戴 X4,738,4992,2024/7/12,智能穿戴,飞利浦,770.28,4.19,552,85.54,北京,24
小米 智能手机 X1,4074,1076,2024/12/22,智能手机,小米,4144.45,1.7,136,93.05,深圳,24
索尼 电视 X8,6407,444,2024/9/5,电视,索尼,6861.12,6.62,625,81.58,杭州,6
海尔 平板电脑 X4,2463,4398,2024/8/6,平板电脑,海尔,3418.55,27.95,487,87.52,杭州,18
戴尔 电视 X3,8512,1890,2024/8/10,电视,戴尔,10380.07,18,671,96.58,成都,6
苹果 电视 X10,9559,7491,2025/1/13,电视,苹果,9906.25,3.51,199,95.78,杭州,18
联想 投影仪 X6,3869,3068,2024/11/4,投影仪,联想,5707.62,32.21,560,93.48,北京,24
华为 投影仪 X4,4667,338,2024/12/25,投影仪,华为,5573.59,16.27,474,86.4,上海,6
苹果 智能穿戴 X4,1000,1688,2024/12/4,智能穿戴,苹果,1447.25,30.9,583,93.03,杭州,24
飞利浦 笔记本电脑 X3,9389,15266,2024/6/1,笔记本电脑,飞利浦,10597.4,11.4,29,97.72,武汉,12
戴尔 耳机 X4,881,1464,2024/11/30,耳机,戴尔,978.99,10.01,182,84.22,上海,12
戴尔 耳机 X10,258,2221,2024/9/12,耳机,戴尔,361.2,28.57,858,90.17,深圳,6
OPPO 智能手机 X9,4292,41293,2024/5/6,智能手机,OPPO,5693.64,24.62,491,95.72,北京,24
三星 笔记本电脑 X9,3210,4139,2024/11/4,笔记本电脑,三星,4300.52,25.36,17,92.06,上海,6
飞利浦 智能手机 X9,3696,6268,2024/7/24,智能手机,飞利浦,5534.5,33.22,609,98.29,武汉,12
飞利浦 智能手机 X4,5011,40444,2024/3/17,智能手机,飞利浦,7501.19,33.2,877,94.76,上海,6
三星 智能家居 X8,1079,2743,2024/4/19,智能家居,三星,1576.42,31.55,83,90.35,武汉,24
海尔 智能穿戴 X3,559,4428,2024/5/30,智能穿戴,海尔,604.85,7.58,181,96.63,上海,6
海尔 耳机 X8,746,419,2024/8/2,耳机,海尔,785.71,5.05,15,81.37,上海,6
联想 电视 X2,1987,6362,2024/4/21,电视,联想,2895.72,31.38,443,87.77,上海,18
戴尔 耳机 X5,296,1193,2024/12/17,耳机,戴尔,377.75,21.64,721,86.01,广州,12
小米 智能穿戴 X2,745,1404,2024/10/18,智能穿戴,小米,769.26,3.15,485,87.23,上海,6
华为 智能家居 X10,1518,499,2024/5/3,智能家居,华为,1558.45,2.6,919,98.38,深圳,6
飞利浦 智能手机 X10,3759,26031,2024/4/8,智能手机,飞利浦,5027.9,25.24,299,92.43,上海,12
飞利浦 投影仪 X6,983,1566,2024/6/11,投影仪,飞利浦,1185.52,17.08,612,83.05,上海,18
戴尔 笔记本电脑 X2,4208,6311,2024/12/26,笔记本电脑,戴尔,4684.06,10.16,579,81.18,广州,24
海尔 智能穿戴 X8,485,4207,2024/7/13,智能穿戴,海尔,670.93,27.71,461,80.77,杭州,6
苹果 智能穿戴 X7,181,3145,2024/5/30,智能穿戴,苹果,266.31,32.03,330,98.86,武汉,18
OPPO 平板电脑 X8,7361,4006,2024/12/24,平板电脑,OPPO,10437.54,29.48,803,95.74,成都,6
华为 平板电脑 X6,5814,9862,2024/7/26,平板电脑,华为,7180.2,19.03,762,81.81,广州,6
三星 笔记本电脑 X2,12256,6953,2025/1/16,笔记本电脑,三星,13436.4,8.79,862,80.26,北京,24
华为 耳机 X3,801,1212,2024/7/18,耳机,华为,1079.81,25.82,936,90.67,武汉,24
华为 智能穿戴 X4,802,4318,2024/12/1,智能穿戴,华为,1055.48,24.02,563,94.31,广州,18
联想 智能家居 X3,3516,2855,2024/10/5,智能家居,联想,4039.49,12.96,121,80.97,成都,6
索尼 电视 X6,8219,9136,2025/1/31,电视,索尼,10401.13,20.98,805,82.11,成都,6
飞利浦 耳机 X6,621,1606,2024/10/28,耳机,飞利浦,836.71,25.78,206,97.95,深圳,12
索尼 笔记本电脑 X3,19227,18096,2024/7/3,笔记本电脑,索尼,20534.52,6.37,741,95.94,杭州,24
苹果 智能穿戴 X5,801,2708,2024/10/17,智能穿戴,苹果,1174.03,31.77,68,84.98,杭州,24
索尼 智能家居 X1,4504,1576,2025/2/7,智能家居,索尼,6358.38,29.16,366,81.12,上海,12
华为 笔记本电脑 X3,5403,5681,2024/11/3,笔记本电脑,华为,7606.11,28.97,230,81.8,上海,18
小米 电视 X7,9941,3917,2024/10/13,电视,小米,13320.66,25.37,959,87.84,北京,12
小米 智能家居 X5,1039,296,2024/8/12,智能家居,小米,1319.03,21.23,10,94.97,上海,24
三星 平板电脑 X8,7201,3469,2024/8/3,平板电脑,三星,9441.22,23.73,626,85.19,武汉,6
小米 智能穿戴 X8,962,2742,2024/6/19,智能穿戴,小米,1096.23,12.25,950,95.64,成都,18
海尔 耳机 X8,811,596,2024/5/21,耳机,海尔,902.9,10.18,129,84.16,武汉,6
苹果 耳机 X6,546,2492,2024/6/15,耳机,苹果,624.78,12.61,793,84.37,杭州,18
飞利浦 平板电脑 X5,3797,4922,2024/3/19,平板电脑,飞利浦,4969.09,23.59,585,90.63,广州,24
索尼 智能穿戴 X1,972,1771,2024/2/22,智能穿戴,索尼,1414.2,31.27,995,83.32,广州,18
三星 平板电脑 X5,6899,8621,2024/9/27,平板电脑,三星,9109.68,24.27,528,86.82,北京,6
华为 电视 X1,1832,9794,2024/3/20,电视,华为,2166.98,15.46,641,83.53,武汉,18
戴尔 笔记本电脑 X9,14400,14769,2024/7/18,笔记本电脑,戴尔,17660.97,18.46,243,82.34,北京,24
飞利浦 智能家居 X9,1855,1732,2024/6/25,智能家居,飞利浦,2541.31,27.01,959,85.36,上海,24
华为 投影仪 X4,911,4196,2024/11/16,投影仪,华为,1134.49,19.7,867,94.94,成都,6
华为 投影仪 X6,7661,207,2024/2/22,投影仪,华为,10390.97,26.27,816,88.81,武汉,12
三星 投影仪 X2,8712,1295,2024/6/15,投影仪,三星,12266.14,28.98,668,84.44,深圳,18
海尔 电视 X4,10220,5808,2025/1/30,电视,海尔,14678.17,30.37,700,94.18,武汉,12
小米 智能穿戴 X4,567,3126,2024/4/5,智能穿戴,小米,825.33,31.3,675,95.01,杭州,24
苹果 智能穿戴 X10,835,2083,2024/11/11,智能穿戴,苹果,867.42,3.74,849,80.14,成都,24
海尔 平板电脑 X6,874,2080,2024/6/30,平板电脑,海尔,1242.31,29.65,157,82.79,广州,6
联想 笔记本电脑 X10,9011,7269,2024/4/11,笔记本电脑,联想,12672.35,28.89,385,84.68,杭州,18
海尔 笔记本电脑 X10,17173,6147,2024/9/18,笔记本电脑,海尔,23781.59,27.79,566,97.6,北京,24
海尔 智能穿戴 X2,316,2512,2024/11/14,智能穿戴,海尔,411.01,23.12,511,97,广州,18
海尔 平板电脑 X2,3046,6925,2024/6/4,平板电脑,海尔,4374.83,30.37,587,81.21,北京,18
苹果 耳机 X10,955,2017,2024/7/20,耳机,苹果,1282.29,25.52,130,94.5,成都,6
索尼 笔记本电脑 X6,17554,6210,2024/7/16,笔记本电脑,索尼,24111.88,27.2,345,88.59,深圳,6
小米 智能穿戴 X8,1000,4187,2024/3/6,智能穿戴,小米,1004.2,0.42,52,89.51,杭州,12
苹果 笔记本电脑 X3,18272,18868,2024/9/25,笔记本电脑,苹果,25606.34,28.64,562,80.62,成都,6
苹果 电视 X7,3138,3823,2024/6/3,电视,苹果,3862.2,18.75,691,90.12,北京,6
小米 笔记本电脑 X4,10845,18209,2024/12/24,笔记本电脑,小米,12410.43,12.61,710,98.01,武汉,12
索尼 智能家居 X5,1747,931,2024/3/24,智能家居,索尼,2330.24,25.03,173,84.58,上海,12
索尼 笔记本电脑 X9,13578,16228,2024/9/10,笔记本电脑,索尼,20342.49,33.25,979,83.21,北京,24
三星 耳机 X4,249,1466,2024/12/5,耳机,三星,301.09,17.3,430,86.92,深圳,12
OPPO 投影仪 X1,8089,2910,2024/3/21,投影仪,OPPO,11223.83,27.93,360,98.74,武汉,12
联想 智能手机 X4,3271,13374,2024/2/18,智能手机,联想,4513.48,27.53,504,95.22,武汉,18
苹果 电视 X2,14220,8132,2024/6/20,电视,苹果,20811.98,31.67,724,89.74,成都,6
联想 投影仪 X9,2980,1597,2024/3/2,投影仪,联想,3094.62,3.7,342,95.98,北京,12
飞利浦 智能家居 X6,1723,2372,2024/9/23,智能家居,飞利浦,2014.22,14.46,418,90.17,深圳,6
联想 平板电脑 X5,2496,2949,2024/11/16,平板电脑,联想,3304.8,24.47,715,89.36,上海,24
戴尔 智能穿戴 X9,841,310,2024/9/14,智能穿戴,戴尔,1113.75,24.49,150,86.86,广州,24
海尔 智能手机 X4,2927,31543,2024/11/26,智能手机,海尔,3627.38,19.31,820,81.4,北京,24
华为 智能穿戴 X10,163,2911,2024/7/17,智能穿戴,华为,179.46,9.17,737,90.25,杭州,24
飞利浦 平板电脑 X1,1928,8707,2024/2/14,平板电脑,飞利浦,2552.59,24.47,475,80.85,武汉,12
三星 智能手机 X7,2027,15895,2024/6/5,智能手机,三星,2492.41,18.67,411,95.42,深圳,12
华为 智能家居 X8,2767,2351,2024/10/5,智能家居,华为,4041.25,31.53,620,81.1,深圳,18
戴尔 投影仪 X8,3863,4349,2024/7/8,投影仪,戴尔,5609.28,31.13,690,94.19,广州,12
联想 电视 X2,5547,7143,2024/7/17,电视,联想,7320.96,24.23,613,83.07,武汉,18
戴尔 电视 X3,2318,4620,2024/4/22,电视,戴尔,3418.71,32.2,890,92.82,成都,6
联想 电视 X5,2635,1161,2024/8/7,电视,联想,2915.01,9.61,218,95.99,成都,24
华为 智能手机 X2,1719,2149,2024/5/26,智能手机,华为,2057.23,16.44,845,81.18,北京,24
海尔 智能穿戴 X6,649,1487,2024/10/16,智能穿戴,海尔,750.71,13.55,325,88.53,上海,18
华为 智能家居 X2,4690,1961,2025/1/29,智能家居,华为,5256.49,10.78,73,83.39,上海,18
OPPO 智能手机 X2,8406,32430,2024/2/17,智能手机,OPPO,11163.97,24.7,995,92.93,上海,24
戴尔 耳机 X9,958,1318,2024/10/7,耳机,戴尔,1090.01,12.11,256,96.67,深圳,12
索尼 平板电脑 X8,4622,7246,2024/6/15,平板电脑,索尼,6906.35,33.08,186,80.24,杭州,24
联想 平板电脑 X10,651,8360,2024/3/23,平板电脑,联想,797.24,18.34,476,94.6,北京,12
小米 智能家居 X2,1471,2140,2024/12/25,智能家居,小米,2099.13,29.92,796,87.84,杭州,6
联想 投影仪 X2,6231,1088,2024/3/21,投影仪,联想,7857.58,20.7,502,85.02,杭州,24
苹果 投影仪 X5,1838,1842,2024/8/27,投影仪,苹果,2587.74,28.97,406,92.88,广州,12
OPPO 投影仪 X8,3635,3488,2024/4/26,投影仪,OPPO,4491.02,19.06,395,95.33,上海,12
戴尔 电视 X1,8283,6407,2024/7/19,电视,戴尔,12208.65,32.15,88,98.66,北京,12
三星 投影仪 X6,5219,2126,2024/10/27,投影仪,三星,6200.07,15.82,440,95.71,深圳,18
苹果 耳机 X8,707,1973,2024/8/19,耳机,苹果,1043.86,32.27,866,80.37,深圳,6
飞利浦 智能家居 X2,4677,430,2024/3/16,智能家居,飞利浦,4688.39,0.24,697,86.9,北京,24
戴尔 电视 X2,5688,9620,2024/12/27,电视,戴尔,6525.12,12.83,433,98.38,杭州,12
OPPO 智能手机 X8,7536,22020,2024/5/30,智能手机,OPPO,11020.37,31.62,267,86.83,杭州,18
小米 智能家居 X3,2413,2691,2024/9/12,智能家居,小米,2651.53,9,152,89.57,杭州,12
苹果 智能手机 X7,8703,4028,2024/7/21,智能手机,苹果,10900.35,20.16,764,97.95,上海,6
OPPO 智能穿戴 X4,463,2684,2025/1/28,智能穿戴,OPPO,539.99,14.26,695,95.12,上海,24
三星 智能手机 X1,8324,37159,2024/7/16,智能手机,三星,9084.64,8.37,826,91.52,上海,6
华为 智能家居 X8,1310,402,2024/5/24,智能家居,华为,1550.93,15.53,343,83.54,武汉,6
海尔 电视 X4,7856,3236,2024/12/19,电视,海尔,8993.25,12.65,698,85.04,杭州,24
海尔 智能家居 X5,3566,2990,2024/5/25,智能家居,海尔,4998.22,28.65,102,96.5,北京,18
华为 投影仪 X9,4501,3818,2024/4/6,投影仪,华为,5115.46,12.01,643,80.56,北京,12
飞利浦 平板电脑 X2,7125,1507,2024/3/12,平板电脑,飞利浦,9346.18,23.77,764,86.92,广州,18
戴尔 电视 X9,10274,3531,2024/5/30,电视,戴尔,11695.31,12.15,189,91.83,杭州,18
戴尔 耳机 X6,962,2817,2024/2/29,耳机,戴尔,1241.89,22.54,111,85.64,成都,24
飞利浦 电视 X8,9275,4944,2024/8/24,电视,飞利浦,11552.03,19.71,658,98.15,北京,12
三星 电视 X10,5187,6408,2024/10/22,电视,三星,5318.13,2.47,532,94.29,广州,6
小米 智能手机 X9,2938,40811,2024/2/14,智能手机,小米,4246.44,30.81,131,87.06,上海,12
索尼 耳机 X7,741,2546,2024/2/12,耳机,索尼,826.41,10.33,465,88.69,北京,6
戴尔 耳机 X6,98,2822,2024/5/25,耳机,戴尔,119.15,17.75,942,92.85,上海,24
飞利浦 智能穿戴 X4,787,1250,2024/9/27,智能穿戴,飞利浦,1139.2,30.92,789,85.75,上海,12
OPPO 耳机 X7,479,1043,2025/1/30,耳机,OPPO,688.39,30.42,362,97.31,北京,6
华为 耳机 X2,930,2457,2024/12/18,耳机,华为,958.58,2.98,88,98.08,武汉,12
索尼 电视 X5,8895,6215,2024/6/13,电视,索尼,11649.15,23.64,31,91.67,杭州,12
飞利浦 平板电脑 X5,5039,2616,2024/6/20,平板电脑,飞利浦,5809.14,13.26,293,84.3,上海,12
联想 笔记本电脑 X10,17784,14041,2024/3/31,笔记本电脑,联想,19658.21,9.53,444,88,武汉,12
联想 智能家居 X5,2163,906,2024/4/13,智能家居,联想,3222.85,32.89,765,92.07,深圳,18
OPPO 电视 X6,10262,1582,2024/6/26,电视,OPPO,15002.13,31.6,538,88.9,广州,6
联想 智能手机 X9,6137,11289,2024/2/24,智能手机,联想,8543.73,28.17,672,87.52,武汉,18
飞利浦 智能家居 X6,3273,1001,2024/3/25,智能家居,飞利浦,4361.49,24.96,900,86.66,武汉,24
联想 智能穿戴 X2,577,1355,2024/3/15,智能穿戴,联想,623.34,7.43,325,85.86,成都,12
OPPO 电视 X3,2829,2880,2024/12/10,电视,OPPO,2883.28,1.88,493,86.3,北京,6
小米 耳机 X9,732,2962,2025/1/8,耳机,小米,837.7,12.62,627,91.53,武汉,24
华为 平板电脑 X2,2760,3168,2024/9/20,平板电脑,华为,2811.3,1.82,961,91.61,杭州,12
华为 平板电脑 X8,2883,2874,2024/2/9,平板电脑,华为,3951.32,27.04,65,92.53,上海,18
小米 耳机 X2,808,2373,2024/4/10,耳机,小米,1117.25,27.68,967,87.19,杭州,12
三星 智能穿戴 X5,407,2671,2024/11/7,智能穿戴,三星,541.1,24.78,338,96.87,杭州,12
苹果 智能家居 X9,4283,2333,2024/6/12,智能家居,苹果,5587.68,23.35,860,89.88,上海,6
飞利浦 智能手机 X2,3531,26485,2024/11/7,智能手机,飞利浦,3979.76,11.28,59,83.69,武汉,12
小米 智能家居 X3,340,2555,2024/10/17,智能家居,小米,391.51,13.16,727,80.06,深圳,6
华为 耳机 X6,298,2539,2024/7/24,耳机,华为,358.66,16.91,901,80.19,武汉,12
索尼 笔记本电脑 X3,18996,15989,2024/4/1,笔记本电脑,索尼,21399.9,11.23,461,90.78,北京,12
索尼 耳机 X2,582,1381,2024/10/11,耳机,索尼,632.23,7.95,601,98.37,上海,18
OPPO 智能穿戴 X1,366,3784,2024/4/16,智能穿戴,OPPO,528.44,30.74,87,84.58,深圳,6
OPPO 智能家居 X1,3330,292,2024/4/11,智能家居,OPPO,3901.9,14.66,746,90.71,成都,18
华为 智能手机 X1,9632,27325,2024/5/4,智能手机,华为,10302.43,6.51,979,84.94,成都,18
小米 智能穿戴 X3,387,1793,2024/4/15,智能穿戴,小米,387.66,0.17,108,88.94,上海,12
海尔 笔记本电脑 X4,14791,16637,2024/6/20,笔记本电脑,海尔,16186.38,8.62,176,94.19,上海,12
索尼 平板电脑 X1,2932,954,2024/4/3,平板电脑,索尼,4258.9,31.16,35,84.04,深圳,18
华为 电视 X1,14720,2271,2025/1/2,电视,华为,19920.58,26.11,301,84.61,成都,18
联想 电视 X10,6005,4848,2024/10/21,电视,联想,7172.76,16.28,320,92.94,成都,18
飞利浦 智能手机 X3,1712,33653,2024/10/21,智能手机,飞利浦,1962.83,12.78,996,93.5,广州,24
飞利浦 智能家居 X6,4597,2504,2024/11/25,智能家居,飞利浦,5944.37,22.67,675,95.93,上海,24
小米 智能家居 X5,1722,2543,2024/12/25,智能家居,小米,2446.96,29.63,854,88.57,广州,24
OPPO 平板电脑 X1,5527,2012,2024/6/3,平板电脑,OPPO,7781.62,28.97,316,91.32,杭州,24
小米 智能手机 X10,4809,48221,2024/3/3,智能手机,小米,6460.69,25.57,551,97.08,杭州,24
OPPO 耳机 X8,851,2910,2024/10/5,耳机,OPPO,1158.22,26.53,841,84.83,上海,12
海尔 投影仪 X5,8819,1812,2024/5/21,投影仪,海尔,13144.04,32.9,45,89.49,上海,24
华为 智能家居 X7,4027,710,2025/1/22,智能家居,华为,4509.21,10.69,14,90.05,武汉,18
飞利浦 平板电脑 X4,1870,2473,2024/8/7,平板电脑,飞利浦,1879.44,0.5,492,88.26,广州,24
索尼 平板电脑 X6,7588,9192,2024/5/1,平板电脑,索尼,10524.35,27.9,615,89.39,北京,12
三星 投影仪 X4,2321,4368,2024/7/21,投影仪,三星,3269.94,29.02,41,92.09,深圳,24
海尔 智能家居 X4,726,2668,2024/6/11,智能家居,海尔,1018.48,28.72,46,98.38,广州,18
三星 笔记本电脑 X5,4922,2374,2024/10/5,笔记本电脑,三星,7329.77,32.85,609,92.07,成都,18
苹果 投影仪 X9,8133,4419,2024/3/30,投影仪,苹果,8304.08,2.06,749,91.29,广州,6
小米 智能穿戴 X2,683,356,2024/8/22,智能穿戴,小米,724.2,5.69,275,90.19,杭州,18
海尔 笔记本电脑 X4,15037,17799,2024/11/24,笔记本电脑,海尔,21390.78,29.7,109,89.02,成都,18
戴尔 投影仪 X9,3700,3233,2024/4/9,投影仪,戴尔,5325.66,30.53,579,86.01,广州,18
海尔 平板电脑 X8,6644,806,2024/8/7,平板电脑,海尔,7048.93,5.74,228,80.66,北京,24
苹果 笔记本电脑 X9,13827,9151,2024/12/12,笔记本电脑,苹果,13994.61,1.2,561,87.74,成都,6
戴尔 投影仪 X1,4331,2879,2024/11/1,投影仪,戴尔,5466.43,20.77,604,88.32,深圳,6
苹果 智能手机 X10,6057,2252,2024/7/29,智能手机,苹果,7999.36,24.28,54,87.29,成都,12
华为 平板电脑 X3,4335,3685,2024/7/23,平板电脑,华为,5365.64,19.21,798,84.53,武汉,18
戴尔 投影仪 X4,7720,2737,2024/12/30,投影仪,戴尔,9110.59,15.26,143,88.81,深圳,18
联想 投影仪 X1,5957,852,2024/4/10,投影仪,联想,6034.5,1.28,890,92.91,上海,24
联想 智能穿戴 X3,811,4082,2024/6/14,智能穿戴,联想,1112.05,27.07,829,95.9,成都,24
飞利浦 投影仪 X2,2252,900,2024/2/19,投影仪,飞利浦,3113.9,27.68,838,80.28,上海,6
索尼 耳机 X7,107,950,2024/12/29,耳机,索尼,160.17,33.19,337,81.91,深圳,24
小米 智能家居 X9,4869,2774,2024/7/18,智能家居,小米,6045.49,19.46,966,80.83,杭州,6
OPPO 投影仪 X2,3946,1010,2025/2/3,投影仪,OPPO,5408.42,27.04,191,86.71,杭州,24
苹果 智能穿戴 X9,849,2728,2024/4/7,智能穿戴,苹果,1065.67,20.33,434,81.48,广州,6
三星 平板电脑 X4,7474,6203,2024/11/8,平板电脑,三星,11123.56,32.81,789,83.15,北京,12
华为 智能家居 X1,3266,826,2024/9/11,智能家居,华为,4851.57,32.68,71,81.31,杭州,12
联想 智能家居 X10,568,2560,2024/11/28,智能家居,联想,792.22,28.3,621,98.45,杭州,18
华为 平板电脑 X6,7956,6746,2024/6/19,平板电脑,华为,11144.05,28.61,504,88.11,成都,6
华为 平板电脑 X6,4990,4207,2025/1/30,平板电脑,华为,6769.34,26.29,641,82.67,杭州,6
三星 耳机 X9,600,832,2025/2/4,耳机,三星,890.18,32.6,75,95.45,成都,12
OPPO 智能穿戴 X6,209,3002,2024/6/16,智能穿戴,OPPO,273.72,23.64,446,97,上海,12
飞利浦 智能穿戴 X1,202,2626,2024/7/16,智能穿戴,飞利浦,236.98,14.76,886,96.55,广州,18
联想 笔记本电脑 X6,15056,6406,2024/7/21,笔记本电脑,联想,20344.85,26,864,90.31,杭州,18
三星 耳机 X10,453,280,2024/10/28,耳机,三星,505.43,10.37,233,84.51,武汉,6
索尼 电视 X10,3428,5208,2025/1/18,电视,索尼,3693.63,7.19,112,81.54,深圳,12
苹果 智能穿戴 X8,591,2462,2024/11/5,智能穿戴,苹果,835.11,29.23,323,94.87,深圳,12
联想 智能手机 X9,5607,40812,2024/12/9,智能手机,联想,7714.58,27.32,665,85.83,广州,18
索尼 耳机 X10,951,2606,2024/7/16,耳机,索尼,1069.57,11.09,450,96.37,广州,12
索尼 智能穿戴 X7,131,3739,2024/9/28,智能穿戴,索尼,160.6,18.43,710,81.39,深圳,18
海尔 耳机 X10,915,1375,2024/11/15,耳机,海尔,931.46,1.77,546,92.19,北京,24
苹果 笔记本电脑 X6,12599,1807,2024/6/13,笔记本电脑,苹果,18729.75,32.73,634,83.66,广州,18
戴尔 耳机 X7,394,798,2024/4/28,耳机,戴尔,530.57,25.74,712,98.29,杭州,12
索尼 智能手机 X8,3748,39394,2024/8/17,智能手机,索尼,5106.7,26.61,986,91.61,成都,24
海尔 智能家居 X10,2584,1945,2024/3/4,智能家居,海尔,3725.07,30.63,37,83.73,成都,6
小米 智能穿戴 X10,893,2257,2024/8/30,智能穿戴,小米,1331.01,32.91,913,85.05,广州,12
飞利浦 平板电脑 X2,7283,1258,2024/3/9,平板电脑,飞利浦,8709.74,16.38,637,89.5,成都,6
苹果 智能家居 X9,4471,134,2024/4/5,智能家居,苹果,5069.63,11.81,377,85.68,北京,24
三星 平板电脑 X5,4927,6490,2024/11/1,平板电脑,三星,7339.67,32.87,419,98.91,北京,12
苹果 智能家居 X2,2533,2003,2024/8/26,智能家居,苹果,3798.73,33.32,745,95.4,北京,18
飞利浦 智能家居 X3,2607,557,2024/7/4,智能家居,飞利浦,3457.82,24.61,52,80.44,杭州,12
华为 投影仪 X4,2172,2156,2024/3/31,投影仪,华为,2716.74,20.05,496,97.95,广州,24
OPPO 耳机 X8,352,1431,2024/10/27,耳机,OPPO,515.94,31.77,90,82.26,深圳,12
戴尔 智能穿戴 X1,825,1443,2025/2/8,智能穿戴,戴尔,1006.97,18.07,117,83.21,北京,12
索尼 笔记本电脑 X9,15474,10281,2025/1/26,笔记本电脑,索尼,18026.39,14.16,492,93.44,深圳,6
三星 投影仪 X3,8023,1501,2024/9/23,投影仪,三星,9044.38,11.29,575,97.77,深圳,24
华为 电视 X7,4047,9744,2024/10/23,电视,华为,4443.82,8.93,527,88.55,杭州,12
华为 平板电脑 X9,5043,6493,2024/11/2,平板电脑,华为,6930.37,27.23,709,83.59,上海,18
苹果 电视 X6,13754,5091,2024/10/25,电视,苹果,18765.24,26.7,206,90.64,上海,24
苹果 智能穿戴 X6,311,2024,2025/2/1,智能穿戴,苹果,326.34,4.7,114,80.65,成都,6
三星 平板电脑 X9,1680,5685,2024/8/11,平板电脑,三星,2079.77,19.22,929,95.27,上海,18
苹果 智能穿戴 X5,111,4225,2024/9/20,智能穿戴,苹果,144.38,23.12,221,96.5,杭州,18
OPPO 耳机 X5,768,2203,2024/11/29,耳机,OPPO,794.84,3.38,332,85.3,杭州,18
海尔 笔记本电脑 X10,19399,13334,2024/12/9,笔记本电脑,海尔,21760.64,10.85,989,81.26,北京,24
海尔 耳机 X5,827,2175,2024/6/12,耳机,海尔,1199.22,31.04,110,87.36,广州,12
戴尔 电视 X4,5799,7547,2024/2/12,电视,戴尔,7889.77,26.5,165,88.86,成都,12
OPPO 投影仪 X8,754,3285,2024/7/24,投影仪,OPPO,1077.92,30.05,307,88.46,上海,6
三星 耳机 X10,282,2635,2024/9/12,耳机,三星,386.7,27.08,472,82.17,北京,12
飞利浦 投影仪 X3,7924,4466,2024/6/3,投影仪,飞利浦,8746.82,9.41,152,95.62,上海,6
苹果 投影仪 X9,5847,543,2024/11/30,投影仪,苹果,5876.63,0.5,215,87.25,北京,18
OPPO 智能手机 X4,4115,35979,2025/1/22,智能手机,OPPO,4687.61,12.22,838,85.48,上海,12
索尼 耳机 X8,970,1186,2024/3/26,耳机,索尼,1217.96,20.36,574,85.46,深圳,24
OPPO 耳机 X9,894,2348,2024/4/16,耳机,OPPO,1252.93,28.65,654,97.53,广州,6
联想 智能手机 X2,2431,20478,2024/5/3,智能手机,联想,2820.03,13.8,858,91.1,上海,24
索尼 智能家居 X10,3614,2388,2024/8/3,智能家居,索尼,4464.44,19.05,250,91.84,北京,18
小米 智能家居 X6,1391,1490,2025/1/24,智能家居,小米,1564.3,11.08,603,80.5,杭州,6
三星 电视 X9,11742,1606,2024/10/2,电视,三星,13885.83,15.44,216,83.4,上海,18
小米 笔记本电脑 X5,17843,11463,2024/7/30,笔记本电脑,小米,20970.16,14.91,12,84.02,杭州,18
OPPO 电视 X4,14510,2267,2024/11/12,电视,OPPO,17356.78,16.4,375,90.31,深圳,18
联想 智能穿戴 X9,389,801,2025/2/4,智能穿戴,联想,461.07,15.63,638,93.38,广州,12
飞利浦 平板电脑 X3,4149,8257,2024/12/19,平板电脑,飞利浦,4530.19,8.41,568,93.84,武汉,12
飞利浦 耳机 X3,698,2021,2024/4/2,耳机,飞利浦,897.67,22.24,732,92.8,上海,18
戴尔 电视 X2,6819,9958,2024/12/6,电视,戴尔,8631.93,21,418,89.79,上海,18
联想 智能手机 X6,9261,15962,2024/11/24,智能手机,联想,11774.68,21.35,320,82.45,广州,24
联想 智能手机 X6,3918,7604,2024/2/16,智能手机,联想,5363.81,26.95,889,88.4,广州,24
三星 智能家居 X10,3905,2512,2024/3/9,智能家居,三星,4402.3,11.3,407,91.78,深圳,12
苹果 耳机 X4,527,339,2025/1/31,耳机,苹果,779.34,32.38,450,96.98,成都,12
苹果 耳机 X10,588,162,2024/12/18,耳机,苹果,863.35,31.89,981,90.21,上海,6
OPPO 电视 X4,9534,6405,2024/8/16,电视,OPPO,13400.36,28.85,267,81.93,成都,12
飞利浦 平板电脑 X6,1880,8050,2024/11/25,平板电脑,飞利浦,2443.21,23.05,986,84.55,武汉,6
海尔 智能穿戴 X9,817,3487,2024/12/25,智能穿戴,海尔,837.26,2.42,509,97.37,广州,24
苹果 笔记本电脑 X3,4814,7681,2024/7/3,笔记本电脑,苹果,6452.5,25.39,805,92.94,成都,24
小米 智能穿戴 X5,704,2233,2024/5/11,智能穿戴,小米,823.29,14.49,530,85.32,成都,6
联想 电视 X7,5634,5544,2024/3/26,电视,联想,7740.2,27.21,34,86.24,杭州,24
OPPO 电视 X2,5881,4320,2024/7/26,电视,OPPO,8413.26,30.1,648,90.87,武汉,24
OPPO 平板电脑 X7,666,9339,2024/6/23,平板电脑,OPPO,865.83,23.08,797,93.76,上海,24
苹果 智能穿戴 X3,624,400,2024/12/14,智能穿戴,苹果,662.99,5.88,489,94.63,上海,6
索尼 智能穿戴 X3,143,381,2024/9/14,智能穿戴,索尼,200.55,28.7,908,90.71,成都,12
索尼 投影仪 X3,8176,849,2024/10/9,投影仪,索尼,8381.8,2.46,47,92.3,深圳,18
华为 平板电脑 X8,5282,5922,2024/3/12,平板电脑,华为,5604.2,5.75,729,98.74,武汉,12
索尼 平板电脑 X2,2394,4186,2024/12/8,平板电脑,索尼,2918.45,17.97,602,88.83,成都,18
OPPO 智能家居 X9,2267,2673,2024/7/27,智能家居,OPPO,2326.03,2.54,870,82.24,上海,12
索尼 智能手机 X6,8426,16976,2024/5/21,智能手机,索尼,10559.31,20.2,458,86.02,成都,6
索尼 投影仪 X7,3963,550,2024/8/18,投影仪,索尼,4152.07,4.55,300,94.16,北京,18
联想 电视 X8,5432,555,2024/6/5,电视,联想,6837.78,20.56,587,84.2,深圳,12
华为 智能家居 X5,4762,1854,2024/12/13,智能家居,华为,5178.64,8.05,954,89.86,深圳,6
戴尔 平板电脑 X3,1001,5493,2024/12/22,平板电脑,戴尔,1135.53,11.85,570,92.76,成都,18
索尼 智能穿戴 X4,965,2969,2024/7/21,智能穿戴,索尼,1121.27,13.94,50,94.03,上海,18
华为 智能穿戴 X10,790,2365,2025/1/20,智能穿戴,华为,1061.38,25.57,674,98.08,广州,6
联想 电视 X7,11503,796,2024/10/5,电视,联想,12860.17,10.55,215,84.48,广州,24
海尔 智能穿戴 X6,777,3969,2024/9/24,智能穿戴,海尔,931,16.54,339,85.81,深圳,18
